paper_id,year,position,author_original,author,title
wer199801,1998,1,Soeli T. Fiorini,Soeli T. Fiorini,Organizando Processos de Requisitos
wer199801,1998,2,Julio Cesar Sampaio do Prado Leite,Julio Cesar Sampaio do Prado Leite,Organizando Processos de Requisitos
wer199801,1998,3,Carlos José Pereira de Lucena,Carlos José Pereira de Lucena,Organizando Processos de Requisitos
wer199802,1998,1,María Carmen Leonardi,María Carmen Leonardi,Un modelo de hipertexto para la especificación de Requisitos
wer199802,1998,2,Gustavo Rossi,Gustavo Rossi,Un modelo de hipertexto para la especificación de Requisitos
wer199802,1998,3,Julio Cesar Sampaio do Prado Leite,Julio Cesar Sampaio do Prado Leite,Un modelo de hipertexto para la especificación de Requisitos
wer199803,1998,1,Flávio Ricardo Carpena,Flávio Ricardo Carpena,Especificação de Requisitos de Software com o Método SCR
wer199803,1998,2,Tereza Gonçalves Kirner,Tereza Gonçalves Kirner,Especificação de Requisitos de Software com o Método SCR
wer199804,1998,1,Luiz Marcio Cysneiros,Luiz Marcio Cysneiros,Utilizando Requisitos Não Funcionais para Análise de Modelos Orientados a Dados
wer199804,1998,2,Julio Cesar Sampaio do Prado Leite,Julio Cesar Sampaio do Prado Leite,Utilizando Requisitos Não Funcionais para Análise de Modelos Orientados a Dados
wer199805,1998,1,Valéria Delisandra Feltrim,Valéria Delisandra Feltrim,Requisitos de Hiperdocumentos de suporte ao domínio de Engenharia Reversa de Software
wer199805,1998,2,Renata Pontin de M. Fortes,Renata Pontin de M. Fortes,Requisitos de Hiperdocumentos de suporte ao domínio de Engenharia Reversa de Software
wer199806,1998,1,José H. Canós,José H. Canós,Towards Requirements Engineering of Active Database Systems
wer199806,1998,2,Javier Jaén,Javier Jaén,Towards Requirements Engineering of Active Database Systems
wer199806,1998,3,Isidro Ramos,Isidro Ramos,Towards Requirements Engineering of Active Database Systems
wer199807,1998,1,Júlio Hartmann,Júlio Hartmann,Uma ferramenta baseada em regras heurísticas para gerar especificações diagramáticas de requisitos orientadas a objeto
wer199807,1998,2,Carolina Sturm Trindade,Carolina Sturm Trindade,Uma ferramenta baseada em regras heurísticas para gerar especificações diagramáticas de requisitos orientadas a objeto
wer199807,1998,3,Stanley Loh,Stanley Loh,Uma ferramenta baseada em regras heurísticas para gerar especificações diagramáticas de requisitos orientadas a objeto
wer199807,1998,4,José Mauro V. de Castilho,José Mauro V. de Castilho,Uma ferramenta baseada em regras heurísticas para gerar especificações diagramáticas de requisitos orientadas a objeto
wer199808,1998,1,Edna Pacheco Zanlorenci,Edna Pacheco Zanlorenci,Modelo para Qualificação da Fonte de Informação do Cliente e de Requisito Funcional
wer199808,1998,2,Robert Carlisle Burnett,Robert Carlisle Burnett,Modelo para Qualificação da Fonte de Informação do Cliente e de Requisito Funcional
wer199809,1998,1,Karin Koogan Breitman,Karin Koogan Breitman,Suporte Automatizado à Gerência da Evolução de Cenários
wer199809,1998,2,Julio Cesar Sampaio do Prado Leite,Julio Cesar Sampaio do Prado Leite,Suporte Automatizado à Gerência da Evolução de Cenários
wer199810,1998,1,Jorge Horacio Doorn,Jorge Doorn,Inspección de escenarios
wer199810,1998,2,Gladys Kaplan,Gladys N. Kaplan,Inspección de escenarios
wer199810,1998,3,Graciela Hadad,Graciela D.S. Hadad,Inspección de escenarios
wer199810,1998,4,Julio Cesar Sampaio do Prado Leite,Julio Cesar Sampaio do Prado Leite,Inspección de escenarios
wer199811,1998,1,João Caldas Júnior,João Caldas Júnior,Erace-Tool-Uma ferramenta baseada em cenários para à engenharia de requisitos.
wer199811,1998,2,Paulo C. Masiero,Paulo Cesar Masiero,Erace-Tool-Uma ferramenta baseada em cenários para à engenharia de requisitos.
wer199812,1998,1,Laura Rivero,Laura Rivero,Una Estrategia de Análisis Orientada a Objetos basada en Escenarios: Aplicación en un Caso Real
wer199812,1998,2,Jorge Doorn,Jorge Doorn,Una Estrategia de Análisis Orientada a Objetos basada en Escenarios: Aplicación en un Caso Real
wer199812,1998,3,Mariana del Fresno,Mariana del Fresno,Una Estrategia de Análisis Orientada a Objetos basada en Escenarios: Aplicación en un Caso Real
wer199812,1998,4,Virginia Mauco,Virginia Mauco,Una Estrategia de Análisis Orientada a Objetos basada en Escenarios: Aplicación en un Caso Real
wer199812,1998,5,Marcela Ridao,Marcela Ridao,Una Estrategia de Análisis Orientada a Objetos basada en Escenarios: Aplicación en un Caso Real
wer199812,1998,6,Carmen Leonardi,María Carmen Leonardi,Una Estrategia de Análisis Orientada a Objetos basada en Escenarios: Aplicación en un Caso Real
wer199813,1998,1,Mariana del Fresno,Mariana del Fresno,Derivación de objetos utilizando LEL y Escenarios en un caso real
wer199813,1998,2,Virginia Mauco,Virginia Mauco,Derivación de objetos utilizando LEL y Escenarios en un caso real
wer199813,1998,3,Marcela Ridao,Marcela Ridao,Derivación de objetos utilizando LEL y Escenarios en un caso real
wer199813,1998,4,Jorge Doorn,Jorge Doorn,Derivación de objetos utilizando LEL y Escenarios en un caso real
wer199813,1998,5,Laura Rivero,Laura Rivero,Derivación de objetos utilizando LEL y Escenarios en un caso real
wer199814,1998,1,Fernanda M. R. de Alencar,Fernanda Alencar,Guidelines From Organizational Requirements to Formal Specification
wer199814,1998,2,Jaelson F. B. Castro,Jaelson Castro,Guidelines From Organizational Requirements to Formal Specification
wer199901,1999,1,Fernanda M. R. de Alencar,Fernanda Alencar,Introduzindo Engenharia de Requisitos no Currículo de Engenharia Elétrica/Eletrônica1: O Caso UFPE
wer199901,1999,2,Jaelson F. B. Castro,Jaelson Castro,Introduzindo Engenharia de Requisitos no Currículo de Engenharia Elétrica/Eletrônica1: O Caso UFPE
wer199902,1999,1,Graciela D. S. Hadad,Graciela D.S. Hadad,Enfoque middle-out en la Construcción e Integración de Escenarios
wer199902,1999,2,Jorge H. Doorn,Jorge Doorn,Enfoque middle-out en la Construcción e Integración de Escenarios
wer199902,1999,3,Gladys N. Kaplan,Gladys N. Kaplan,Enfoque middle-out en la Construcción e Integración de Escenarios
wer199902,1999,4,Julio Cesar Sampaio do Prado Leite,Julio Cesar Sampaio do Prado Leite,Enfoque middle-out en la Construcción e Integración de Escenarios
wer199903,1999,1,Giancarlo Guizzardi,Giancarlo Guizzardi,LogicOO – uma metodologia para modelagem e construção de sistemas multimídia distribuídos
wer199903,1999,2,José Gonçalves Pereira Filho,José Gonçalves Pereira Filho,LogicOO – uma metodologia para modelagem e construção de sistemas multimídia distribuídos
wer199904,1999,1,A. Durán Toro,Amador Durán,A Requirements Elicitation Approach Based in Templates and Patterns
wer199904,1999,2,B. Bernárdez Jiménez,Beatriz Bernárdez,A Requirements Elicitation Approach Based in Templates and Patterns
wer199904,1999,3,A. Ruiz Cortés,Antonio Ruiz,A Requirements Elicitation Approach Based in Templates and Patterns
wer199904,1999,4,M. Toro Bonilla,Miguel Toro,A Requirements Elicitation Approach Based in Templates and Patterns
wer199905,1999,1,Luiz Eduardo Galvão Martins,Luiz Eduardo Galvão Martins,Activity Theory: a Framework to Software Requirements Elicitation
wer199905,1999,2,Beatriz Mascia Daltrini,Beatriz Mascia Daltrini,Activity Theory: a Framework to Software Requirements Elicitation
wer199906,1999,1,Néstor Adolfo Mamani Macedo,Néstor Adolfo Mamani Macedo,Elicit@99 um Protótipo de Ferramenta para a Elicitação de Requisitos
wer199906,1999,2,Julio Cesar Sampaio do Prado Leite,Julio Cesar Sampaio do Prado Leite,Elicit@99 um Protótipo de Ferramenta para a Elicitação de Requisitos
wer199907,1999,1,Mônica Zopelari Roseti,Mônica Zopelari Roseti,A Knowledge Acquisition Systematic within the Domain Analysis Context
wer199907,1999,2,Cláudia Maria Lima Werner,Cláudia Maria Lima Werner,A Knowledge Acquisition Systematic within the Domain Analysis Context
wer199908,1999,1,Fabrízia M. de Sousa,Fabrízia M. de Sousa,O Impacto dos COTS no Processo de Engenharia de Requisitos
wer199908,1999,2,Fernanda M. R. de Alencar,Fernanda Alencar,O Impacto dos COTS no Processo de Engenharia de Requisitos
wer199908,1999,3,Jaelson F. B. Castro,Jaelson Castro,O Impacto dos COTS no Processo de Engenharia de Requisitos
wer199909,1999,1,Francisco A. C. Pinheiro,Francisco A. C. Pinheiro,An Object Oriented Library for Tracing Requirements
wer200001,2000,1,Francisco A. C. Pinheiro,Francisco A. C. Pinheiro,Formal and Informal Aspects of Requirements Tracing
wer200002,2000,1,Jaime de Melo Sabát Neto,Jaime de Melo Sabát Neto,Non-Functional Requirements for Object-Oriented Modeling
wer200002,2000,2,Julio Cesar Sampaio do Prado Leite,Julio Cesar Sampaio do Prado Leite,Non-Functional Requirements for Object-Oriented Modeling
wer200002,2000,3,Luiz Márcio Cysneiros,Luiz Marcio Cysneiros,Non-Functional Requirements for Object-Oriented Modeling
wer200003,2000,1,Juan Sánchez Díaz,Juan Sánchez,Prototipado de interfaces de usuario a partir de escenarios y modelos UML1
wer200003,2000,2,Alberto Aparicio Vila,Alberto Aparicio Vila,Prototipado de interfaces de usuario a partir de escenarios y modelos UML1
wer200003,2000,3,Oscar Pastor López,Oscar Pastor,Prototipado de interfaces de usuario a partir de escenarios y modelos UML1
wer200003,2000,4,Juan Jose Fons,Juan Jose Fons,Prototipado de interfaces de usuario a partir de escenarios y modelos UML1
wer200004,2000,1,Marcela Ridao,Marcela Ridao,Uso de Patrones en la Construcción de Escenarios
wer200004,2000,2,Jorge Doorn,Jorge Doorn,Uso de Patrones en la Construcción de Escenarios
wer200004,2000,3,Julio César Sampaio do Prado Leite,Julio Cesar Sampaio do Prado Leite,Uso de Patrones en la Construcción de Escenarios
wer200005,2000,1,Victor F.A. Santander,Victor Francisco Araya Santander,Desenvolvendo Use Cases a partir de Modelagem Organizacional
wer200005,2000,2,Jaelson F. B. Castro,Jaelson Castro,Desenvolvendo Use Cases a partir de Modelagem Organizacional
wer200006,2000,1,Edna Pacheco Zanlorenci,Edna Pacheco Zanlorenci,"Ferramenta de Apoio aos Processos da Engenharia de Requisitos, nas Fases de Projetos"
wer200006,2000,2,Robert Carlisle Burnett,Robert Carlisle Burnett,"Ferramenta de Apoio aos Processos da Engenharia de Requisitos, nas Fases de Projetos"
wer200007,2000,1,Carina Frota Alves,Carina Alves,Requirements Engineering for COTS Selection
wer200007,2000,2,Fernanda M. R. de Alencar,Fernanda Alencar,Requirements Engineering for COTS Selection
wer200007,2000,3,Jaelson F. B. Castro,Jaelson Castro,Requirements Engineering for COTS Selection
wer200008,2000,1,Márcia Santos,Márcia Santos,O Uso do Framework NFR no Projeto de Banco de Dados
wer200008,2000,2,Maria Lencastre,Maria Lencastre,O Uso do Framework NFR no Projeto de Banco de Dados
wer200008,2000,3,Jaelson Brelaz de Castro,Jaelson Castro,O Uso do Framework NFR no Projeto de Banco de Dados
wer200008,2000,4,Décio Fonseca,Décio Fonseca,O Uso do Framework NFR no Projeto de Banco de Dados
wer200009,2000,1,Lis Ângela De Bortoli,Lis Ângela De Bortoli,O Uso de Workflow para Apoiar a Elicitação de Requisitos
wer200009,2000,2,Ana Maria de Alencar Price,Ana Maria de Alencar Price,O Uso de Workflow para Apoiar a Elicitação de Requisitos
wer200010,2000,1,A. Durán Toro,Amador Durán,Identificación de Patrones de Reutilización de Requisitos de Sistemas de Información
wer200010,2000,2,A. Ruiz Cortés,Antonio Ruiz,Identificación de Patrones de Reutilización de Requisitos de Sistemas de Información
wer200010,2000,3,R. Corchuelo Gil,Rafael Corchuelo,Identificación de Patrones de Reutilización de Requisitos de Sistemas de Información
wer200010,2000,4,M. Toro Bonilla,Miguel Toro,Identificación de Patrones de Reutilización de Requisitos de Sistemas de Información
wer200011,2000,1,Laura Petersen,Laura Petersen,"HeAR, Una herramienta de Adquisición de Requistos"
wer200011,2000,2,Stella Tornabene,Stella Tornabene,"HeAR, Una herramienta de Adquisición de Requistos"
wer200011,2000,3,María Carmen Leonardi,María Carmen Leonardi,"HeAR, Una herramienta de Adquisición de Requistos"
wer200011,2000,4,Jorge Doorn,Jorge Doorn,"HeAR, Una herramienta de Adquisición de Requistos"
wer200012,2000,1,Gustavo D. Gila,Gustavo D. Gila,Producción del LEL en un Dominio Técnico. Informe de un caso.
wer200012,2000,2,Daniel Arias Figueroa,Daniel Arias Figueroa,Producción del LEL en un Dominio Técnico. Informe de un caso.
wer200012,2000,3,Alejandro Oliveros,Alejandro Oliveros,Producción del LEL en un Dominio Técnico. Informe de un caso.
wer200013,2000,1,Gladys N. Kaplan,Gladys N. Kaplan,Inspección Del Lexico Extendido Del Lenguaje
wer200013,2000,2,Graciela D.S. Hadad,Graciela D.S. Hadad,Inspección Del Lexico Extendido Del Lenguaje
wer200013,2000,3,Jorge H. Doorn,Jorge Doorn,Inspección Del Lexico Extendido Del Lenguaje
wer200013,2000,4,Julio C. S. P. Leite,Julio Cesar Sampaio do Prado Leite,Inspección Del Lexico Extendido Del Lenguaje
wer200014,2000,1,Fernanda Alencar,Fernanda Alencar,From Early Requirements Modeled by the i* Technique to Later Requirements Modeled in Precise UML
wer200014,2000,2,Jaelson Castro,Jaelson Castro,From Early Requirements Modeled by the i* Technique to Later Requirements Modeled in Precise UML
wer200014,2000,3,Gilberto Cysneiros,Gilberto Amado de Azevedo Cysneiros Filho,From Early Requirements Modeled by the i* Technique to Later Requirements Modeled in Precise UML
wer200014,2000,4,John Mylopoulos,John Mylopoulos,From Early Requirements Modeled by the i* Technique to Later Requirements Modeled in Precise UML
wer200101,2001,1,Markus Mannio,Markus Mannio,Requirements Elicitation Using a Combination of Prototypes and Scenarios
wer200101,2001,2,Uolevi Nikula,Uolevi Nikula,Requirements Elicitation Using a Combination of Prototypes and Scenarios
wer200102,2001,1,Luiz Eduardo Galvão Martins,Luiz Eduardo Galvão Martins,Organizando o Processo de Elicitação de Requisitos Utilizando o Conceito de Atividade
wer200102,2001,2,Beatriz Mascia Daltrini,Beatriz Mascia Daltrini,Organizando o Processo de Elicitação de Requisitos Utilizando o Conceito de Atividade
wer200103,2001,1,Marcia C. F. Carvalho,Marcia C. F. Carvalho,Um método para elicitação e Modelagem de Requisitos Baseado em Objetivos
wer200103,2001,2,Zair Abdelouahab,Zair Abdelouahab,Um método para elicitação e Modelagem de Requisitos Baseado em Objetivos
wer200104,2001,1,M. Griselda Báez,M. Griselda Báez,Metodología DoRCU para la Ingeniería de Requerimientos
wer200104,2001,2,Silvia I. Barba Brunner,Silvia I. Barba Brunner,Metodología DoRCU para la Ingeniería de Requerimientos
wer200105,2001,1,Hugo Estrada,Hugo Estrada,Generación automática de un esquema conceptual OO a partir de un modelo de flujo de trabajo
wer200105,2001,2,Alicia Martínez,Alicia Martínez,Generación automática de un esquema conceptual OO a partir de un modelo de flujo de trabajo
wer200105,2001,3,Oscar Pastor,Oscar Pastor,Generación automática de un esquema conceptual OO a partir de un modelo de flujo de trabajo
wer200105,2001,4,Javier Ortiz,Javier Ortiz,Generación automática de un esquema conceptual OO a partir de un modelo de flujo de trabajo
wer200105,2001,5,Octavio A. Ríos,Octavio A. Ríos,Generación automática de un esquema conceptual OO a partir de un modelo de flujo de trabajo
wer200106,2001,1,Victor F.A. Santander,Victor Francisco Araya Santander,Developing Use Cases from Organizational Modeling
wer200106,2001,2,Jaelson F. B. Castro,Jaelson Castro,Developing Use Cases from Organizational Modeling
wer200107,2001,1,Maria Carmen Leonardi,María Carmen Leonardi,Un Proceso para XR basado en Reglas de Negocio
wer200107,2001,2,Julio Cesar Sampaio do Prado Leite,Julio Cesar Sampaio do Prado Leite,Un Proceso para XR basado en Reglas de Negocio
wer200108,2001,1,Leandro Antonelli,Leandro Antonelli,Traceability en la Etapa de Elicitación de Requerimientos
wer200108,2001,2,Alejandro Oliveros,Alejandro Oliveros,Traceability en la Etapa de Elicitación de Requerimientos
wer200109,2001,1,Carina Alves,Carina Alves,"Analysing the Tradeoffs Among Requirements, Architectures and COTS Components"
wer200109,2001,2,João Bosco Pinto Filho,João Bosco Pinto Filho,"Analysing the Tradeoffs Among Requirements, Architectures and COTS Components"
wer200109,2001,3,Jaelson Castro,Jaelson Castro,"Analysing the Tradeoffs Among Requirements, Architectures and COTS Components"
wer200110,2001,1,Ana Elizabete Souza de Carvalho,Ana Elizabete Souza de Carvalho,Uma Estratégia para Implantação de uma Gerência de Requisitos visando a Melhoria dos Processos de Software
wer200110,2001,2,Cristina Tavares,Cristina Tavares,Uma Estratégia para Implantação de uma Gerência de Requisitos visando a Melhoria dos Processos de Software
wer200110,2001,3,Jaelson Brelaz Castro,Jaelson Castro,Uma Estratégia para Implantação de uma Gerência de Requisitos visando a Melhoria dos Processos de Software
wer200111,2001,1,Edna Pacheco Zanlorenci,Edna Pacheco Zanlorenci,O Tratamento da Informação (Requisitos no Ciclo de Vida do Produto) Caso Prático: Sistema de Informações de Previdência
wer200111,2001,2,Robert Carlisle Burnett,Robert Carlisle Burnett,O Tratamento da Informação (Requisitos no Ciclo de Vida do Produto) Caso Prático: Sistema de Informações de Previdência
wer200112,2001,1,Julio Cesar Sampaio do Prado Leite,Julio Cesar Sampaio do Prado Leite,Requirements Processes: An Experience Report
wer200112,2001,2,Soeli T. Fiorini,Soeli T. Fiorini,Requirements Processes: An Experience Report
wer200112,2001,3,Amador Durán,Amador Durán,Requirements Processes: An Experience Report
wer200112,2001,4,Beatriz Bernárdez,Beatriz Bernárdez,Requirements Processes: An Experience Report
wer200112,2001,5,Juan Sánchez Diaz,Juan Sánchez,Requirements Processes: An Experience Report
wer200112,2001,6,Emílio Insfrán Pelozo,Emílio Insfrán Pelozo,Requirements Processes: An Experience Report
wer200113,2001,1,Luiz Eduardo Galvão Martins,Luiz Eduardo Galvão Martins,Um Modelo de Avaliação de Especificações Semi-Formais de Requisitos de Software Baseado na Teoria dos Conjuntos Nebulosos
wer200113,2001,2,Ana Estela Antunes da Silva,Ana Estela Antunes da Silva,Um Modelo de Avaliação de Especificações Semi-Formais de Requisitos de Software Baseado na Teoria dos Conjuntos Nebulosos
wer200114,2001,1,Maria Carmen Penadés,Maria Carmen Penadés,Automatic Derivation of Workflow Specifications from Organizational Structures and Use Cases
wer200114,2001,2,José H. Canós,José H. Canós,Automatic Derivation of Workflow Specifications from Organizational Structures and Use Cases
wer200114,2001,3,Juan Sánchez,Juan Sánchez,Automatic Derivation of Workflow Specifications from Organizational Structures and Use Cases
wer200115,2001,1,Amador Durán,Amador Durán,An XML-Based Approach for the Automatic Verification of Software Requirements Specifications
wer200115,2001,2,Beatriz Bernárdez,Beatriz Bernárdez,An XML-Based Approach for the Automatic Verification of Software Requirements Specifications
wer200115,2001,3,Antonio Ruiz,Antonio Ruiz,An XML-Based Approach for the Automatic Verification of Software Requirements Specifications
wer200115,2001,4,Miguel Toro,Miguel Toro,An XML-Based Approach for the Automatic Verification of Software Requirements Specifications
wer200116,2001,1,Antonio Ruiz,Antonio Ruiz,Comprobación Automática de Requisitos de Calidad en Sistemas Multiorganizacionales
wer200116,2001,2,Amador Durán,Amador Durán,Comprobación Automática de Requisitos de Calidad en Sistemas Multiorganizacionales
wer200116,2001,3,Rafael Corchuelo,Rafael Corchuelo,Comprobación Automática de Requisitos de Calidad en Sistemas Multiorganizacionales
wer200116,2001,4,Beatriz Bernárdez,Beatriz Bernárdez,Comprobación Automática de Requisitos de Calidad en Sistemas Multiorganizacionales
wer200116,2001,5,Miguel Toro,Miguel Toro,Comprobación Automática de Requisitos de Calidad en Sistemas Multiorganizacionales
wer200117,2001,1,Luis Iribarne,Luis Iribarne,A Non-Functional Approach for COTS Components Trading
wer200117,2001,2,Antonio Vallecillo,Antonio Vallecillo,A Non-Functional Approach for COTS Components Trading
wer200117,2001,3,Carina Alves,Carina Alves,A Non-Functional Approach for COTS Components Trading
wer200117,2001,4,Jaelson Castro,Jaelson Castro,A Non-Functional Approach for COTS Components Trading
wer200118,2001,1,Luiz Marcio Cysneiros,Luiz Marcio Cysneiros,Using the Language Extended Lexicon to Support Non-Functional Requirements Elicitation
wer200118,2001,2,Julio César Sampaio do Prado Leite,Julio Cesar Sampaio do Prado Leite,Using the Language Extended Lexicon to Support Non-Functional Requirements Elicitation
wer200119,2001,1,Marcela Ridao,Marcela Ridao,Incorporación de Patrones al Proceso de Construcción de Escenarios
wer200119,2001,2,Jorge Doorn,Jorge Doorn,Incorporación de Patrones al Proceso de Construcción de Escenarios
wer200119,2001,3,Julio Cesar Sampaio do Prado Leite,Julio Cesar Sampaio do Prado Leite,Incorporación de Patrones al Proceso de Construcción de Escenarios
wer200120,2001,1,Karla Donato Fook,Karla Donato Fook,Reutilização de Objetivos na Engenharia de Requisitos
wer200120,2001,2,Zair Abdelouahab,Zair Abdelouahab,Reutilização de Objetivos na Engenharia de Requisitos
wer200201,2002,1,L.A. Martins,L.A. Martins,Modelo de Integração de Especificações: Transformação de Use Cases em Tipos Abstratos de Dados
wer200201,2002,2,G.S. Rangel,G.S. Rangel,Modelo de Integração de Especificações: Transformação de Use Cases em Tipos Abstratos de Dados
wer200201,2002,3,D.J. Nunes,D.J. Nunes,Modelo de Integração de Especificações: Transformação de Use Cases em Tipos Abstratos de Dados
wer200202,2002,1,L. Antonelli,Leandro Antonelli,Fuentes Utilizadas por desarrolladores de Software en Argentina para Elicitar Requerimientos
wer200202,2002,2,A. Oliveros,Alejandro Oliveros,Fuentes Utilizadas por desarrolladores de Software en Argentina para Elicitar Requerimientos
wer200203,2002,1,J.H. Doorn,Jorge Doorn,Comprendiendo el Universo de Discurso Futuro con Escenarios
wer200203,2002,2,G.D.S. Hadad,Graciela D.S. Hadad,Comprendiendo el Universo de Discurso Futuro con Escenarios
wer200203,2002,3,G.N. Kaplan,Gladys N. Kaplan,Comprendiendo el Universo de Discurso Futuro con Escenarios
wer200204,2002,1,M. Ridao,Marcela Ridao,Modelado de Anomalías mediante Escenarios
wer200204,2002,2,J. Doorn,Jorge Doorn,Modelado de Anomalías mediante Escenarios
wer200205,2002,1,F.M.R. Alencar,Fernanda Alencar,Support for Structuring Mechanisms in the integration of Organizational Requirements and Object Oriented Modeling
wer200205,2002,2,G.A.A. Cysneiros Filho,Gilberto Amado de Azevedo Cysneiros Filho,Support for Structuring Mechanisms in the integration of Organizational Requirements and Object Oriented Modeling
wer200205,2002,3,J.F.B. Castro,Jaelson Castro,Support for Structuring Mechanisms in the integration of Organizational Requirements and Object Oriented Modeling
wer200206,2002,1,D. Bolchini,Davide Bolchini,Capturing Web Application Requirements through Goal-Oriented Analysis
wer200206,2002,2,P. Paolini,P. Paolini,Capturing Web Application Requirements through Goal-Oriented Analysis
wer200207,2002,1,C.T.L.L. Silva,Carla Silva,Modeling Organizational Architectural Styles in UML: The Tropos Case
wer200207,2002,2,J.F.B. Castro,Jaelson Castro,Modeling Organizational Architectural Styles in UML: The Tropos Case
wer200208,2002,1,H. Estrada,Hugo Estrada,Generación de Especificaciones de Requisitos de Software a Partir de Modelos de Negocios: Un Enfoque
wer200208,2002,2,A. Martinez,Alicia Martínez,Generación de Especificaciones de Requisitos de Software a Partir de Modelos de Negocios: Un Enfoque
wer200208,2002,3,O. Pastor,Oscar Pastor,Generación de Especificaciones de Requisitos de Software a Partir de Modelos de Negocios: Un Enfoque
wer200208,2002,4,J. Sanchez,Juan Sánchez,Generación de Especificaciones de Requisitos de Software a Partir de Modelos de Negocios: Un Enfoque
wer200209,2002,1,M. Toranzo,Marco A. Toranzo Céspedes,Uma Proposta para Melhorar o Rastreamento de Requisitos
wer200209,2002,2,J.F.B. Castro,Jaelson Castro,Uma Proposta para Melhorar o Rastreamento de Requisitos
wer200209,2002,3,E. Mello,E. Mello,Uma Proposta para Melhorar o Rastreamento de Requisitos
wer200210,2002,1,V. Anaya,V. Anaya,SmartTrace: Una Herramienta para Trazabilidad de Requisitos en Proyectos basados en UML
wer200210,2002,2,P. Letelier,P. Letelier,SmartTrace: Una Herramienta para Trazabilidad de Requisitos en Proyectos basados en UML
wer200211,2002,1,M. Sánchez-Alonso,M. Sánchez-Alonso,Specifying Cooperation Environment Requirements using Formal and Graphical Techniques
wer200211,2002,2,J.M. Murillo,J.M. Murillo,Specifying Cooperation Environment Requirements using Formal and Graphical Techniques
wer200212,2002,1,D.F. Togneri,D.F. Togneri,Supporting Cooperative Requirements Engineering with an Automated Tool
wer200212,2002,2,R. de A. Falbo,Ricardo de Almeida Falbo,Supporting Cooperative Requirements Engineering with an Automated Tool
wer200212,2002,3,C. S. de Menezes,C. S. de Menezes,Supporting Cooperative Requirements Engineering with an Automated Tool
wer200213,2002,1,L.E.G. Martins,Luiz Eduardo Galvão Martins,Relato de Experiência de Ensino de Engenharia de Requisitos em um Curso de Mestrado em Sistemas de Informação
wer200214,2002,1,P. Botella,Pere Botella,Using Quality Models for Assessing COTS Selection
wer200214,2002,2,X. Burgués,Xavier Burgués,Using Quality Models for Assessing COTS Selection
wer200214,2002,3,J.P. Carvallo,Juan Pablo Carvallo,Using Quality Models for Assessing COTS Selection
wer200214,2002,4,X. Franch,Xavier Franch,Using Quality Models for Assessing COTS Selection
wer200214,2002,5,C. Quer,Carme Quer,Using Quality Models for Assessing COTS Selection
wer200215,2002,1,H.C.A.B. Tavares,H.C.A.B. Tavares,Medição de Pontos por Função a Partir da Especificação de Requisitos
wer200215,2002,2,A.E.S. Carvalho,Ana Elizabete Souza de Carvalho,Medição de Pontos por Função a Partir da Especificação de Requisitos
wer200215,2002,3,J.F.B. Castro,Jaelson Castro,Medição de Pontos por Função a Partir da Especificação de Requisitos
wer200216,2002,1,F.A.C. Pinheiro,Francisco A. C. Pinheiro,Writing Use Cases Modelled with Situation Theory
wer200216,2002,2,I.D. López,I.D. López,Writing Use Cases Modelled with Situation Theory
wer200217,2002,1,A. Ruiz-Cortés,Antonio Ruiz,Using Constraint Programming for the Automatic Detection of Conflicts in Quality Requirements
wer200217,2002,2,A. Durán,Amador Durán,Using Constraint Programming for the Automatic Detection of Conflicts in Quality Requirements
wer200217,2002,3,R. Corchuelo,Rafael Corchuelo,Using Constraint Programming for the Automatic Detection of Conflicts in Quality Requirements
wer200217,2002,4,M. Toro,Miguel Toro,Using Constraint Programming for the Automatic Detection of Conflicts in Quality Requirements
wer200218,2002,1,F.R.S. Paim,F.R.S. Paim,Enhancing Data Warehouse Design with the NFR Framework
wer200218,2002,2,J.F.B. Castro,Jaelson Castro,Enhancing Data Warehouse Design with the NFR Framework
wer200219,2002,1,J. Sánchez,Juan Sánchez,VRU: Un Método para Validar Requisitos y Generar Interfaces de Usuario Multiplataforma
wer200219,2002,2,J. Belenguer,J. Belenguer,VRU: Un Método para Validar Requisitos y Generar Interfaces de Usuario Multiplataforma
wer200219,2002,3,P. Belenguer,P. Belenguer,VRU: Un Método para Validar Requisitos y Generar Interfaces de Usuario Multiplataforma
wer200219,2002,4,D. Pascual,D. Pascual,VRU: Un Método para Validar Requisitos y Generar Interfaces de Usuario Multiplataforma
wer200220,2002,1,O. López,O. López,Metamodeling for Requirements Reuse
wer200220,2002,2,M.A. Laguna,Miguel A. Laguna,Metamodeling for Requirements Reuse
wer200220,2002,3,F.J. Garcia,F.J. Garcia,Metamodeling for Requirements Reuse
wer200221,2002,1,E. Insfrán,E. Insfrán,Transformación de Especificación de Requisitos en Esquemas Conceptuales usando Diagramas de Interacción
wer200221,2002,2,E. Tejadillos,E. Tejadillos,Transformación de Especificación de Requisitos en Esquemas Conceptuales usando Diagramas de Interacción
wer200221,2002,3,S. Martí,S. Martí,Transformación de Especificación de Requisitos en Esquemas Conceptuales usando Diagramas de Interacción
wer200221,2002,4,M. Burbano,M. Burbano,Transformación de Especificación de Requisitos en Esquemas Conceptuales usando Diagramas de Interacción
wer200301,2003,1,Luzardo P. Silva,Luzardo P. Silva,Eliciting Requirements for Identifying Workflow Categories
wer200301,2003,2,Francisco A. C. Pinheiro,Francisco A. C. Pinheiro,Eliciting Requirements for Identifying Workflow Categories
wer200302,2003,1,Mabel Bertolami,Mabel Bertolami,Análisis de Puntos Función en la Elicitación de Requerimientos
wer200302,2003,2,Alejandro Oliveros,Alejandro Oliveros,Análisis de Puntos Función en la Elicitación de Requerimientos
wer200303,2003,1,Leandro T. Lopes,Leandro T. Lopes,Uma Proposta para Processo de Requisitos em Ambientes de Desenvolvimento Distribuído de Software
wer200303,2003,2,Azriel Majdenbaum,Azriel Majdenbaum,Uma Proposta para Processo de Requisitos em Ambientes de Desenvolvimento Distribuído de Software
wer200303,2003,3,Jorge Luis N. Audy,Jorge Luis N. Audy,Uma Proposta para Processo de Requisitos em Ambientes de Desenvolvimento Distribuído de Software
wer200304,2003,1,Edinelson Aparecido Batista,Edinelson Aparecido Batista,Uma Taxonomia Facetada para Técnicas de Elicitação de Requisitos
wer200304,2003,2,Ariadne M. B. R. Carvalho,Ariadne M. B. R. Carvalho,Uma Taxonomia Facetada para Técnicas de Elicitação de Requisitos
wer200305,2003,1,Genésio Gomes da Cruz Neto,Genésio Gomes da Cruz Neto,Aliando Teoria da Atividade e TROPOS na Elicitação de Requisitos de Ambientes Colaborativos de Aprendizagem
wer200305,2003,2,Alex Sandro Gomes,Alex Sandro Gomes,Aliando Teoria da Atividade e TROPOS na Elicitação de Requisitos de Ambientes Colaborativos de Aprendizagem
wer200305,2003,3,Patrícia Tedesco,Patrícia Tedesco,Aliando Teoria da Atividade e TROPOS na Elicitação de Requisitos de Ambientes Colaborativos de Aprendizagem
wer200306,2003,1,Fernanda M. R. Alencar,Fernanda Alencar,New Mechanism for the Integration of Organizational Requirements and Object Oriented Modeling
wer200306,2003,2,Flávio Pedroza,Flávio Pereira Pedroza,New Mechanism for the Integration of Organizational Requirements and Object Oriented Modeling
wer200306,2003,3,Jaelson F. B. Castro,Jaelson Castro,New Mechanism for the Integration of Organizational Requirements and Object Oriented Modeling
wer200306,2003,4,Ricardo C. O. Amorim,Ricardo C. O. Amorim,New Mechanism for the Integration of Organizational Requirements and Object Oriented Modeling
wer200307,2003,1,Lucia R. D. Bastos,Lucia R. D. Bastos,Integration between Organizational Requirements and Architecture
wer200307,2003,2,Jaelson F.B. Castro,Jaelson Castro,Integration between Organizational Requirements and Architecture
wer200308,2003,1,Davide Bolchini,Davide Bolchini,Crafting Saliente WEB Scenarios using Priorities
wer200309,2003,1,Alicia Martínez,Alicia Martínez,Closing the Gap between Organizational Modeling and Information System Modeling
wer200309,2003,2,Oscar Pastor,Oscar Pastor,Closing the Gap between Organizational Modeling and Information System Modeling
wer200309,2003,3,Hugo Estrada,Hugo Estrada,Closing the Gap between Organizational Modeling and Information System Modeling
wer200310,2003,1,Claudia Hazan,Claudia Hazan,Indicadores para a Gerência de Requisitos
wer200310,2003,2,Julio Cesar Sampaio do Prado Leite,Julio Cesar Sampaio do Prado Leite,Indicadores para a Gerência de Requisitos
wer200311,2003,1,Denise Lazzeri Gastaldo,Denise Lazzeri Gastaldo,Processo de Engenharia de Requisitos Aplicado a Requisitos Não-Funcionais de Desempenho - Um Estudo
wer200311,2003,2,Edson Toshimi Midorikawa,Edson Toshimi Midorikawa,Processo de Engenharia de Requisitos Aplicado a Requisitos Não-Funcionais de Desempenho - Um Estudo
wer200312,2003,1,Jorge Doorn,Jorge Doorn,Completitud de Glosarios: Un Estudio Experimental
wer200312,2003,2,Marcela Ridao,Marcela Ridao,Completitud de Glosarios: Un Estudio Experimental
wer200313,2003,1,Leandro T. Lopes,Leandro T. Lopes,Em Busca de um Modelo de Referência para Engenharia de Requisitos em Ambientes de Desenvolvimento Distribuído de software
wer200313,2003,2,Jorge Luis N. Audy,Jorge Luis N. Audy,Em Busca de um Modelo de Referência para Engenharia de Requisitos em Ambientes de Desenvolvimento Distribuído de software
wer200314,2003,1,Karin Koogan Breitman,Karin Koogan Breitman,Semantic Interoperability by Aligning Ontologies
wer200314,2003,2,Carolina Howard Felicíssimo,Carolina Howard Felicíssimo,Semantic Interoperability by Aligning Ontologies
wer200314,2003,3,Luiz Marcio Cysneiros,Luiz Marcio Cysneiros,Semantic Interoperability by Aligning Ontologies
wer200315,2003,1,Geórgia Maria C. de Sousa,Geórgia Maria C. de Sousa,Towards a Goal-Oriented Requirements Methodology Based on the Separation of Concerns Principle
wer200315,2003,2,Jaelson F. B. Castro,Jaelson Castro,Towards a Goal-Oriented Requirements Methodology Based on the Separation of Concerns Principle
wer200316,2003,1,Maria Istela Cagnin,Maria Istela Cagnin,An Agile Reverse Engineering Process based on a Framework
wer200316,2003,2,José Carlos Maldonado,José Carlos Maldonado,An Agile Reverse Engineering Process based on a Framework
wer200316,2003,3,Fernão Stella R. Germano,Fernão Stella R. Germano,An Agile Reverse Engineering Process based on a Framework
wer200316,2003,4,Paulo Cesar Masiero,Paulo Cesar Masiero,An Agile Reverse Engineering Process based on a Framework
wer200316,2003,5,Alessandra Chan,Alessandra Chan,An Agile Reverse Engineering Process based on a Framework
wer200316,2003,6,Rosângela De,Rosângela De,An Agile Reverse Engineering Process based on a Framework
wer200317,2003,1,Carolina Howard Felicissimo,Carolina Howard Felicíssimo,Geração de Ontologias Subsidiada pela Engenharia de Requisitos
wer200317,2003,2,Lyrene Fernandes da Silva,Lyrene Fernandes da Silva,Geração de Ontologias Subsidiada pela Engenharia de Requisitos
wer200317,2003,3,Karin Breitman,Karin Koogan Breitman,Geração de Ontologias Subsidiada pela Engenharia de Requisitos
wer200317,2003,4,Julio Cesar S. P. Leite,Julio Cesar Sampaio do Prado Leite,Geração de Ontologias Subsidiada pela Engenharia de Requisitos
wer200318,2003,1,Edna Pacheco Zanlorenci,Edna Pacheco Zanlorenci,Abordagem da Engenharia de Requisitos para Software Legado
wer200318,2003,2,Robert Carlisle Burnett,Robert Carlisle Burnett,Abordagem da Engenharia de Requisitos para Software Legado
wer200319,2003,1,Juan P. Carvallo,Juan Pablo Carvallo,COSTUME: Un Método Para la Combinación de Modelos de Calidad
wer200319,2003,2,Xavier Franch,Xavier Franch,COSTUME: Un Método Para la Combinación de Modelos de Calidad
wer200319,2003,3,Carme Quer,Carme Quer,COSTUME: Un Método Para la Combinación de Modelos de Calidad
wer200319,2003,4,Xavier Burgués,Xavier Burgués,COSTUME: Un Método Para la Combinación de Modelos de Calidad
wer200319,2003,5,Gemma Grau,Gemma Grau,COSTUME: Un Método Para la Combinación de Modelos de Calidad
wer200320,2003,1,Álvaro Rocha,Álvaro Rocha,PERSI - Modelo para Avaliação do Pendor da Engenharia de Requisitos de Sistemas de Informação
wer200320,2003,2,José Vasconcelos,José Vasconcelos,PERSI - Modelo para Avaliação do Pendor da Engenharia de Requisitos de Sistemas de Informação
wer200321,2003,1,Priscilla B. B. Pagliuso,Priscilla B. B. Pagliuso,GVR Guia de Validação de Requisitos baseados nas técnicas PBR e ad-hoc resultante de um estudo de caso no CPqD1
wer200321,2003,2,Priscilla B. B. Pagliuso,Priscilla B. B. Pagliuso,GVR Guia de Validação de Requisitos baseados nas técnicas PBR e ad-hoc resultante de um estudo de caso no CPqD1
wer200321,2003,3,Claudia de Andrade Tambascia,Claudia de Andrade Tambascia,GVR Guia de Validação de Requisitos baseados nas técnicas PBR e ad-hoc resultante de um estudo de caso no CPqD1
wer200321,2003,4,André Villas-Boas,André Villas-Boas,GVR Guia de Validação de Requisitos baseados nas técnicas PBR e ad-hoc resultante de um estudo de caso no CPqD1
wer200321,2003,5,Miriam Ellen de Freitas,Miriam Ellen de Freitas,GVR Guia de Validação de Requisitos baseados nas técnicas PBR e ad-hoc resultante de um estudo de caso no CPqD1
wer200322,2003,1,Carla Silva,Carla Silva,Requirements for Multi-Agent Systems
wer200322,2003,2,Jaelson Castro,Jaelson Castro,Requirements for Multi-Agent Systems
wer200322,2003,3,Patricia Tedesco,Patrícia Tedesco,Requirements for Multi-Agent Systems
wer200401,2004,1,Vito Perrone,Vito Perrone,Designing Communication-intensive Web Applications: a Case Study
wer200401,2004,2,Davide Bolchini,Davide Bolchini,Designing Communication-intensive Web Applications: a Case Study
wer200402,2004,1,Anderson Belgamo,Anderson Belgamo,Constructing Use Case Model by Using a Systematic Approach: Description of a Study
wer200402,2004,2,Sandra Fabbri,Sandra Fabbri,Constructing Use Case Model by Using a Systematic Approach: Description of a Study
wer200403,2004,1,Tereza Gonçalves Kirner,Tereza Gonçalves Kirner,Contribuição à Engenharia de Requisitos de Ambientes Virtuais
wer200403,2004,2,Valéria Farinazzo Martins Salvador,Valéria Farinazzo Martins Salvador,Contribuição à Engenharia de Requisitos de Ambientes Virtuais
wer200404,2004,1,Adriana Carniello,Adriana Carniello,Structural Testing with Use Cases
wer200404,2004,2,Mario Jino,Mario Jino,Structural Testing with Use Cases
wer200404,2004,3,Marcos Lordello Chaim,Marcos Lordello Chaim,Structural Testing with Use Cases
wer200405,2004,1,Carolina Howard Felicíssimo,Carolina Howard Felicíssimo,Taxonomic Ontology Alignment - an Implementation
wer200405,2004,2,Karin Koogan Breitman,Karin Koogan Breitman,Taxonomic Ontology Alignment - an Implementation
wer200406,2004,1,Flávio Pereira Pedroza,Flávio Pereira Pedroza,Ferramentas para Suporte do Mapeamento da Modelagem i* para a UML: eXtended GOOD – XGOOD e GOOSE
wer200406,2004,2,Fernanda M. R. Alencar,Fernanda Alencar,Ferramentas para Suporte do Mapeamento da Modelagem i* para a UML: eXtended GOOD – XGOOD e GOOSE
wer200406,2004,3,Jaelson F. B. Castro,Jaelson Castro,Ferramentas para Suporte do Mapeamento da Modelagem i* para a UML: eXtended GOOD – XGOOD e GOOSE
wer200406,2004,4,Fernando R. C. Silva,Fernando R. C. Silva,Ferramentas para Suporte do Mapeamento da Modelagem i* para a UML: eXtended GOOD – XGOOD e GOOSE
wer200406,2004,5,Victor F. A. Santander,Victor Francisco Araya Santander,Ferramentas para Suporte do Mapeamento da Modelagem i* para a UML: eXtended GOOD – XGOOD e GOOSE
wer200407,2004,1,Bill Andreopoulos,Bill Andreopoulos,Satisficing the Conflicting Software Qualities of Maintainability and Performance at the Source Code Level
wer200408,2004,1,Mabel Bertolami,Mabel Bertolami,Estimación del Tamaño Funcional en la Elicitación de Requerimientos
wer200408,2004,2,Alejandro Oliveros,Alejandro Oliveros,Estimación del Tamaño Funcional en la Elicitación de Requerimientos
wer200409,2004,1,Luciana C. Ballejos,Luciana Ballejos,Factores que Influencian el Análisis de Requerimientos para Sistemas de Información Interorganizacionales
wer200409,2004,2,Jorge M. Montagna,Jorge M. Montagna,Factores que Influencian el Análisis de Requerimientos para Sistemas de Información Interorganizacionales
wer200410,2004,1,M. Elena Centeno,M. Elena Centeno,Medida de Tamaño en la Etapa de Elicitación de Requerimientos
wer200410,2004,2,Alejandro Oliveros,Alejandro Oliveros,Medida de Tamaño en la Etapa de Elicitación de Requerimientos
wer200411,2004,1,Luiz Marcio Cysneiros,Luiz Marcio Cysneiros,Evaluating Methodologies: A Requirements Engineering Approach Through the Use of an Exemplar
wer200411,2004,2,Vera Werneck,Vera Maria Benjamim Werneck,Evaluating Methodologies: A Requirements Engineering Approach Through the Use of an Exemplar
wer200411,2004,3,Eric Yu,Eric Yu,Evaluating Methodologies: A Requirements Engineering Approach Through the Use of an Exemplar
wer200412,2004,1,Lúcia R. D. Bastos,Lucia R. D. Bastos,Enhancing Requirements to derive Multi-Agent Architectures
wer200412,2004,2,Jaelson F. B. Castro,Jaelson Castro,Enhancing Requirements to derive Multi-Agent Architectures
wer200413,2004,1,A. Castor,A. Castor,Towards Requirement Traceability in TROPOS
wer200413,2004,2,R. Pinto,Rosa Candida Pinto,Towards Requirement Traceability in TROPOS
wer200413,2004,3,C. Silva,Carla Silva,Towards Requirement Traceability in TROPOS
wer200413,2004,4,J. Castro,Jaelson Castro,Towards Requirement Traceability in TROPOS
wer200414,2004,1,Luciana de Paiva Silva,Luciana de Paiva Silva,Uma Proposta de Evolução em Sistemas Legados
wer200414,2004,2,Victor F.A. Santander,Victor Francisco Araya Santander,Uma Proposta de Evolução em Sistemas Legados
wer200415,2004,1,Claudia P. Ayala,Claudia P. Ayala,Construccion de una Taxonomía de Componentes COTS Orientados a la Gestión de Requisitos
wer200415,2004,2,Pere Botella,Pere Botella,Construccion de una Taxonomía de Componentes COTS Orientados a la Gestión de Requisitos
wer200415,2004,3,Xavier Franch,Xavier Franch,Construccion de una Taxonomía de Componentes COTS Orientados a la Gestión de Requisitos
wer200416,2004,1,Rodrigo Santos de Espindola,Rodrigo Santos de Espindola,Uma Análise Crítica dos Desafios para Engenharia de Requisitos em Manutenção de Software
wer200416,2004,2,Azriel Majdenbaum,Azriel Majdenbaum,Uma Análise Crítica dos Desafios para Engenharia de Requisitos em Manutenção de Software
wer200416,2004,3,Jorge Luiz Nicolas Audy,Jorge Luiz Nicolas Audy,Uma Análise Crítica dos Desafios para Engenharia de Requisitos em Manutenção de Software
wer200417,2004,1,Genésio Cruz Neto,Genésio Gomes da Cruz Neto,Mapeando Diagramas da Teoria da Atividade em Modelos Organizacionais Baseados em i*
wer200417,2004,2,Alex Sandro Gomes,Alex Sandro Gomes,Mapeando Diagramas da Teoria da Atividade em Modelos Organizacionais Baseados em i*
wer200417,2004,3,Jaelson Brelaz de Castro,Jaelson Castro,Mapeando Diagramas da Teoria da Atividade em Modelos Organizacionais Baseados em i*
wer200418,2004,1,Alicia Martínez,Alicia Martínez,A pattern language to join early and late requirements
wer200418,2004,2,Oscar Pastor,Oscar Pastor,A pattern language to join early and late requirements
wer200418,2004,3,Hugo Estrada,Hugo Estrada,A pattern language to join early and late requirements
wer200419,2004,1,María Carmen Leonardi,María Carmen Leonardi,Integrating Natural Language Oriented Requirements Models into MDA
wer200419,2004,2,María Virginia Mauco,Virginia Mauco,Integrating Natural Language Oriented Requirements Models into MDA
wer200420,2004,1,Bruno González-Baixauli,Bruno González-Baixauli,Análisis de Variabilidad con Modelos de Objetivos
wer200420,2004,2,Miguel A. Laguna,Miguel A. Laguna,Análisis de Variabilidad con Modelos de Objetivos
wer200420,2004,3,Julio Cesar Sampaio do Prado Leite,Julio Cesar Sampaio do Prado Leite,Análisis de Variabilidad con Modelos de Objetivos
wer200421,2004,1,Mariela Haya,Mariela Haya,Uso de los Diagramas de Actividades UML Y el Lenguaje i* en el Modelado del Proceso de Implantacion del Balanced Scorecard
wer200421,2004,2,Xavier Franch,Xavier Franch,Uso de los Diagramas de Actividades UML Y el Lenguaje i* en el Modelado del Proceso de Implantacion del Balanced Scorecard
wer200421,2004,3,Enric Mayol,Enric Mayol,Uso de los Diagramas de Actividades UML Y el Lenguaje i* en el Modelado del Proceso de Implantacion del Balanced Scorecard
wer200422,2004,1,Anderson Belgamo,Anderson Belgamo,GUCCRA: Contribuindo para a Identificação de Defeitos em Documentos de Requisitos Durante a Construção de Modelos de Casos de Uso
wer200422,2004,2,Sandra Fabbri,Sandra Fabbri,GUCCRA: Contribuindo para a Identificação de Defeitos em Documentos de Requisitos Durante a Construção de Modelos de Casos de Uso
wer200501,2005,1,Luiz Marcio Cysneiros,Luiz Marcio Cysneiros,Agent/goal Orientation versus Object Orientation for Requirements Engineering: A Practical Evaluation Using an Exemplar
wer200501,2005,2,Vera Werneck,Vera Maria Benjamim Werneck,Agent/goal Orientation versus Object Orientation for Requirements Engineering: A Practical Evaluation Using an Exemplar
wer200501,2005,3,Juliana Amaral,Juliana Amaral,Agent/goal Orientation versus Object Orientation for Requirements Engineering: A Practical Evaluation Using an Exemplar
wer200501,2005,4,Eric Yu,Eric Yu,Agent/goal Orientation versus Object Orientation for Requirements Engineering: A Practical Evaluation Using an Exemplar
wer200502,2005,1,Miriam Sayão,Miriam Sayão,Uso de Agentes no Processo de Requisitos em Ambientes Distribuídos de Desenvolvimento
wer200502,2005,2,Julio Cesar S. P. Leite,Julio Cesar Sampaio do Prado Leite,Uso de Agentes no Processo de Requisitos em Ambientes Distribuídos de Desenvolvimento
wer200503,2005,1,Ilca Webster,Ilca Webster,A Survey of Good Practices and Misuses for Modelling with i* Framework
wer200503,2005,2,Juliana Amaral,Juliana Amaral,A Survey of Good Practices and Misuses for Modelling with i* Framework
wer200503,2005,3,Luiz Marcio Cysneiros,Luiz Marcio Cysneiros,A Survey of Good Practices and Misuses for Modelling with i* Framework
wer200504,2005,1,Isabel Díaz,Isabel Díaz,Metamorfosis: Un Marco para el Análisis de Requisitos Funcionales
wer200504,2005,2,Juan Sánchez,Juan Sánchez,Metamorfosis: Un Marco para el Análisis de Requisitos Funcionales
wer200504,2005,3,Oscar Pastor,Oscar Pastor,Metamorfosis: Un Marco para el Análisis de Requisitos Funcionales
wer200505,2005,1,Alessandro Fantechi,Alessandro Fantechi,A Content Analysis Technique for Inconsistency Detection in Software Requirements Documents
wer200505,2005,2,Emilio Spinicci,Emilio Spinicci,A Content Analysis Technique for Inconsistency Detection in Software Requirements Documents
wer200506,2005,1,Pedro Valderas,Pedro Valderas,Using Task Descriptions for the Specification of Web Application Requirements
wer200506,2005,2,Joan Fons,Joan Fons,Using Task Descriptions for the Specification of Web Application Requirements
wer200506,2005,3,Vicente Pelechano,Vicente Pelechano,Using Task Descriptions for the Specification of Web Application Requirements
wer200507,2005,1,Michel Heluey Fortuna,Michel Heluey Fortuna,Modelagem Informacional de Requisitos
wer200507,2005,2,Marcos R. S. Borges,Marcos R. S. Borges,Modelagem Informacional de Requisitos
wer200508,2005,1,Ruzanna Chitchyan,Ruzanna Chitchyan,Comparing Requirements Engineering Approaches for Handling Crosscutting Concerns
wer200508,2005,2,Awais Rashid,Awais Rashid,Comparing Requirements Engineering Approaches for Handling Crosscutting Concerns
wer200508,2005,3,Peter Sawyer,Peter Sawyer,Comparing Requirements Engineering Approaches for Handling Crosscutting Concerns
wer200509,2005,1,Lyrene Fernandes da Silva,Lyrene Fernandes da Silva,Uma Linguagem de Modelagem de Requisitos Orientada a Aspectos
wer200509,2005,2,Julio Cesar Sampaio do Prado Leite,Julio Cesar Sampaio do Prado Leite,Uma Linguagem de Modelagem de Requisitos Orientada a Aspectos
wer200510,2005,1,Zlatko Zlatev,Zlatko Zlatev,Multi-Perspective Requirements Engineering for Networked Business Systems: A Framework for Pattern Composition
wer200510,2005,2,Maya Daneva,Maya Daneva,Multi-Perspective Requirements Engineering for Networked Business Systems: A Framework for Pattern Composition
wer200510,2005,3,Roel Wieringa,Roel Wieringa,Multi-Perspective Requirements Engineering for Networked Business Systems: A Framework for Pattern Composition
wer200511,2005,1,Bruno González-Baixauli,Bruno González-Baixauli,Aplicación de un Enfoque Intencional al Análisis de Variabilidad
wer200511,2005,2,Miguel A. Laguna,Miguel A. Laguna,Aplicación de un Enfoque Intencional al Análisis de Variabilidad
wer200511,2005,3,Julio Cesar Sampaio do Prado Leite,Julio Cesar Sampaio do Prado Leite,Aplicación de un Enfoque Intencional al Análisis de Variabilidad
wer200512,2005,1,Gabriela N. Aranda,Gabriela N. Aranda,Towards a Cognitive-Based Approach to Distributed Requirement Elicitation Processes
wer200512,2005,2,Aurora Vizcaíno,Aurora Vizcaíno,Towards a Cognitive-Based Approach to Distributed Requirement Elicitation Processes
wer200512,2005,3,Alejandra Cechich,Alejandra Cechich,Towards a Cognitive-Based Approach to Distributed Requirement Elicitation Processes
wer200512,2005,4,Mario Piattini,Mario Piattini,Towards a Cognitive-Based Approach to Distributed Requirement Elicitation Processes
wer200513,2005,1,Rodrigo Espindola,Rodrigo Santos de Espindola,Uma Abordagem Baseada em Gestão do Conhecimento para Gerência de Requisitos em Desenvolvimento Distribuído de Software
wer200513,2005,2,Leandro Lopes,Leandro T. Lopes,Uma Abordagem Baseada em Gestão do Conhecimento para Gerência de Requisitos em Desenvolvimento Distribuído de Software
wer200513,2005,3,Rafael Prikladnicki,Rafael Prikladnicki,Uma Abordagem Baseada em Gestão do Conhecimento para Gerência de Requisitos em Desenvolvimento Distribuído de Software
wer200513,2005,4,Jorge Luiz Nicolas Audy,Jorge Luiz Nicolas Audy,Uma Abordagem Baseada em Gestão do Conhecimento para Gerência de Requisitos em Desenvolvimento Distribuído de Software
wer200514,2005,1,Ilca Webster,Ilca Webster,Reusable Knowledge for Achieving Privacy: A Canadian Health Information Technologies Perspective
wer200514,2005,2,Vera Ivanova,Vera Ivanova,Reusable Knowledge for Achieving Privacy: A Canadian Health Information Technologies Perspective
wer200514,2005,3,Luiz Marcio Cysneiros,Luiz Marcio Cysneiros,Reusable Knowledge for Achieving Privacy: A Canadian Health Information Technologies Perspective
wer200515,2005,1,Claudia Hazan,Claudia Hazan,É possível substituir processos de Engenharia de Requisitos por Contagem de Pontos de Função?
wer200515,2005,2,Daniel M. Berry,Daniel M. Berry,É possível substituir processos de Engenharia de Requisitos por Contagem de Pontos de Função?
wer200515,2005,3,Julio Cesar Sampaio do Prado Leite,Julio Cesar Sampaio do Prado Leite,É possível substituir processos de Engenharia de Requisitos por Contagem de Pontos de Função?
wer200516,2005,1,Alexandre Lazaretti Zanatta,Alexandre Lazaretti Zanatta,Uma análise do método ágil Scrum conforme abordagem nas áreas de processo Gerenciamento e Desenvolvimento de Requisitos do CMMI
wer200516,2005,2,Patrícia Vilain,Patrícia Vilain,Uma análise do método ágil Scrum conforme abordagem nas áreas de processo Gerenciamento e Desenvolvimento de Requisitos do CMMI
wer200517,2005,1,Rosa Candida Pinto,Rosa Candida Pinto,A Process for Requirement Traceability in Agent Oriented Development
wer200517,2005,2,Carla Silva,Carla Silva,A Process for Requirement Traceability in Agent Oriented Development
wer200517,2005,3,Jaelson Castro,Jaelson Castro,A Process for Requirement Traceability in Agent Oriented Development
wer200518,2005,1,Ricardo Argenton Ramos,Ricardo Ramos,Avaliação de uma Metodologia de Medição da Qualidade em um Documento de Requisitos Orientado a Aspectos
wer200518,2005,2,Jaelson F. B. Castro,Jaelson Castro,Avaliação de uma Metodologia de Medição da Qualidade em um Documento de Requisitos Orientado a Aspectos
wer200519,2005,1,Anderson Belgamo,Anderson Belgamo,Avaliando a Qualidade da Técnica GUCCRA com Técnica de Inspeção
wer200519,2005,2,Sandra Fabbri,Sandra Fabbri,Avaliando a Qualidade da Técnica GUCCRA com Técnica de Inspeção
wer200519,2005,3,José Carlos Maldonado,José Carlos Maldonado,Avaliando a Qualidade da Técnica GUCCRA com Técnica de Inspeção
wer200520,2005,1,Xavier Franch,Xavier Franch,Un Marco para la Definición de Métricas sobre Modelos de Dependencias entre Actores
wer200520,2005,2,Gemma Grau,Gemma Grau,Un Marco para la Definición de Métricas sobre Modelos de Dependencias entre Actores
wer200520,2005,3,Carme Quer,Carme Quer,Un Marco para la Definición de Métricas sobre Modelos de Dependencias entre Actores
wer200521,2005,1,Isabel Villanueva,Isabel Villanueva,Elicitación de requisitos en sistemas de gestión orientados a procesos
wer200521,2005,2,Juan Sánchez,Juan Sánchez,Elicitación de requisitos en sistemas de gestión orientados a procesos
wer200521,2005,3,Óscar Pastor,Oscar Pastor,Elicitación de requisitos en sistemas de gestión orientados a procesos
wer200522,2005,1,Pablo Thomas,Pablo Thomas,Elicitación de Objetivos a partir de Escenarios
wer200522,2005,2,Alejandro Oliveros,Alejandro Oliveros,Elicitación de Objetivos a partir de Escenarios
wer200523,2005,1,Simara Rocha,Simara Rocha,Requirement Elicitation Based on Goals with Security and Privacy Policies in Electronic Commerce
wer200523,2005,2,Zair Abdelouahab,Zair Abdelouahab,Requirement Elicitation Based on Goals with Security and Privacy Policies in Electronic Commerce
wer200523,2005,3,Eduardo Freire,Eduardo Freire,Requirement Elicitation Based on Goals with Security and Privacy Policies in Electronic Commerce
wer200601,2006,1,Mabel Bertolami,Mabel Bertolami,SFP: Un Procedimiento de Estimación de Puntos Función de Escenarios
wer200601,2006,2,Alejandro Oliveros,Alejandro Oliveros,SFP: Un Procedimiento de Estimación de Puntos Función de Escenarios
wer200602,2006,1,Ariadne Carvalho,Ariadne M. B. R. Carvalho,Aplicabilidade de metricas por pontos de função em sistemas baseados em web
wer200602,2006,2,Thelma Chiossi,Thelma Chiossi,Aplicabilidade de metricas por pontos de função em sistemas baseados em web
wer200602,2006,3,Marcos Drach,Marcos Drach,Aplicabilidade de metricas por pontos de função em sistemas baseados em web
wer200603,2006,1,Carlos Lahoz,Carlos Henrique Netto Lahoz,Um Estudo sobre a Atividade de Elicitação de Requisitos em Projetos de Software da Área Espacial
wer200603,2006,2,João Batista Camargo Jr.,João Batista Camargo Jr.,Um Estudo sobre a Atividade de Elicitação de Requisitos em Projetos de Software da Área Espacial
wer200604,2006,1,Antonio de Padua,Antonio de Padua Albuquerque Oliveira,Defining Strategic Dependency Situations in Requirements Elicitation
wer200604,2006,2,Luiz Marcio Cysneiros,Luiz Marcio Cysneiros,Defining Strategic Dependency Situations in Requirements Elicitation
wer200605,2006,1,Susana Brunoro C. Oliveira,Susana Brunoro C. Oliveira,Avaliação de Ferramentas para Controle Automatizado de Versões de Artefatos e Requisitos de Software
wer200605,2006,2,Astério K. Tanaka,Astério K. Tanaka,Avaliação de Ferramentas para Controle Automatizado de Versões de Artefatos e Requisitos de Software
wer200605,2006,3,Dalessandro S. Vianna,Dalessandro S. Vianna,Avaliação de Ferramentas para Controle Automatizado de Versões de Artefatos e Requisitos de Software
wer200606,2006,1,Felipe Távora Pereira,Felipe Távora Pereira,Integrando Padrões de Usabilidade na Especificação de Requisitos para Apoiar o Re-Projeto Participativo de Interface
wer200606,2006,2,Elizabeth Furtado,Elizabeth Furtado,Integrando Padrões de Usabilidade na Especificação de Requisitos para Apoiar o Re-Projeto Participativo de Interface
wer200607,2006,1,Nelly Condori-Fernández,Nelly Condori-Fernández,Verifying the Construction of a Software Model from a Requirements Model
wer200607,2006,2,Oscar Pastor,Oscar Pastor,Verifying the Construction of a Software Model from a Requirements Model
wer200608,2006,1,Marcela Ridao,Marcela Ridao,Estimación de Completitud en Modelos de Requisitos Basados en Lenguaje Natural
wer200608,2006,2,Jorge H Doorn,Jorge Doorn,Estimación de Completitud en Modelos de Requisitos Basados en Lenguaje Natural
wer200609,2006,1,Caroline Carbonell Cintra,Caroline Carbonell Cintra,Experimenting a Requirements Engineering Process Based on Rational Unified Process (RUP) Reaching Capability Maturity Model Integration (CMMI) Maturity Level 3 and Considering the Use of Agile Methods Practices
wer200609,2006,2,Roberto Tom Price,Roberto Tom Price,Experimenting a Requirements Engineering Process Based on Rational Unified Process (RUP) Reaching Capability Maturity Model Integration (CMMI) Maturity Level 3 and Considering the Use of Agile Methods Practices
wer200610,2006,1,Leandro Antonelli,Leandro Antonelli,Using a Problem Domain Language to Specify Navigational Concerns in Web Applications
wer200610,2006,2,Silvia Gordillo,Silvia Gordillo,Using a Problem Domain Language to Specify Navigational Concerns in Web Applications
wer200610,2006,3,Gustavo Rossi,Gustavo Rossi,Using a Problem Domain Language to Specify Navigational Concerns in Web Applications
wer200610,2006,4,João Araujo,João Araújo,Using a Problem Domain Language to Specify Navigational Concerns in Web Applications
wer200610,2006,5,Ana Moreira,Ana Moreira,Using a Problem Domain Language to Specify Navigational Concerns in Web Applications
wer200611,2006,1,Maria Lencastre,Maria Lencastre,Analyzing Basic Problem Frames in i* Context
wer200611,2006,2,Keldjan Alves,Keldjan Alves,Analyzing Basic Problem Frames in i* Context
wer200611,2006,3,Renata Melo,Renata Melo,Analyzing Basic Problem Frames in i* Context
wer200611,2006,4,Fernanda Alencar,Fernanda Alencar,Analyzing Basic Problem Frames in i* Context
wer200612,2006,1,Alisson Neres Lindoso,Alisson Neres Lindoso,The SRAMO Technique for Analysis and Reuse of Requirements in Multi-agent Application Engineering
wer200612,2006,2,Rosario Girardi,Rosario Girardi,The SRAMO Technique for Analysis and Reuse of Requirements in Multi-agent Application Engineering
wer200613,2006,1,Felipe Dias,Felipe Dias,Uma Abordagem para a Transformação Automática do Modelo de Negócio em Modelo de Requisitos
wer200613,2006,2,Gisele Morgado,Gisele Morgado,Uma Abordagem para a Transformação Automática do Modelo de Negócio em Modelo de Requisitos
wer200613,2006,3,Pedro Oscar,Pedro Oscar,Uma Abordagem para a Transformação Automática do Modelo de Negócio em Modelo de Requisitos
wer200613,2006,4,Denis Silveira,Denis Silveira,Uma Abordagem para a Transformação Automática do Modelo de Negócio em Modelo de Requisitos
wer200613,2006,5,Antonio Juarez,Antonio Juarez,Uma Abordagem para a Transformação Automática do Modelo de Negócio em Modelo de Requisitos
wer200613,2006,6,Priscila Lima,Priscila Lima,Uma Abordagem para a Transformação Automática do Modelo de Negócio em Modelo de Requisitos
wer200613,2006,7,Eber Schmitz,Eber Schmitz,Uma Abordagem para a Transformação Automática do Modelo de Negócio em Modelo de Requisitos
wer200614,2006,1,Carina Alves,Carina Alves,A Study in Market-Driven Requirements Engineering
wer200614,2006,2,Silvia Pereira,Silvia Pereira,A Study in Market-Driven Requirements Engineering
wer200614,2006,3,Jaelson Castro,Jaelson Castro,A Study in Market-Driven Requirements Engineering
wer200615,2006,1,Lilian A. Bertini,Lilian A. Bertini,Técnicas de Inspeção de Documentos de Requisitos de Software: um Estudo Comparativo
wer200615,2006,2,Tereza G. Kirner,Tereza Gonçalves Kirner,Técnicas de Inspeção de Documentos de Requisitos de Software: um Estudo Comparativo
wer200615,2006,3,Maria I. Montebelo,Maria I. Montebelo,Técnicas de Inspeção de Documentos de Requisitos de Software: um Estudo Comparativo
wer200615,2006,4,Idemauro A. R. Lara,Idemauro A. R. Lara,Técnicas de Inspeção de Documentos de Requisitos de Software: um Estudo Comparativo
wer200616,2006,1,José Inácio De Grande,José Inácio De Grande,SIGERAR: Uma Ferramenta para Gerenciamento de Requisitos
wer200616,2006,2,Luiz Eduardo G. Martins,Luiz Eduardo Galvão Martins,SIGERAR: Uma Ferramenta para Gerenciamento de Requisitos
wer200617,2006,1,Regina Andrade Brito,Regina Andrade Brito,Integrando Groupware e Gerenciamento de Requisitos no Suporte à Engenharia de Requisitos Distribuída
wer200617,2006,2,Alexandre Marcos Lins de Vasconcelos,Alexandre Marcos Lins de Vasconcelos,Integrando Groupware e Gerenciamento de Requisitos no Suporte à Engenharia de Requisitos Distribuída
wer200618,2006,1,Juan Pablo Carvallo,Juan Pablo Carvallo,Un Catálogo de Factores de Calidad para la Definición de Requisitos No-Técnicos en la Selección de Componentes COTS
wer200618,2006,2,Xavier Franch,Xavier Franch,Un Catálogo de Factores de Calidad para la Definición de Requisitos No-Técnicos en la Selección de Componentes COTS
wer200618,2006,3,Carme Quer,Carme Quer,Un Catálogo de Factores de Calidad para la Definición de Requisitos No-Técnicos en la Selección de Componentes COTS
wer200701,2007,1,Julio Cesar Sampaio do Prado Leite,Julio Cesar Sampaio do Prado Leite,Understanding the Strategic Actor Diagram: an Exercise of Meta Modeling
wer200701,2007,2,Vera Maria B. Werneck,Vera Maria Benjamim Werneck,Understanding the Strategic Actor Diagram: an Exercise of Meta Modeling
wer200701,2007,3,Antonio de Padua Albuquerque Oliveira,Antonio de Padua Albuquerque Oliveira,Understanding the Strategic Actor Diagram: an Exercise of Meta Modeling
wer200701,2007,4,Claudia Cappelli,Claudia Cappelli,Understanding the Strategic Actor Diagram: an Exercise of Meta Modeling
wer200701,2007,5,Ana Luiza A. Cerqueira,Ana Luiza A. Cerqueira,Understanding the Strategic Actor Diagram: an Exercise of Meta Modeling
wer200701,2007,6,Herbet de Souza Cunha,Herbet de Souza Cunha,Understanding the Strategic Actor Diagram: an Exercise of Meta Modeling
wer200701,2007,7,Bruno Gonzalez-Baixauli,Bruno González-Baixauli,Understanding the Strategic Actor Diagram: an Exercise of Meta Modeling
wer200702,2007,1,Luiz Marcio Cysneiros,Luiz Marcio Cysneiros,Evaluating the Effectiveness of Using Catalogues to Elicit Non-Functional Requirements
wer200703,2007,1,Nina D. Fogelström,Nina D. Fogelström,Test-case Driven versus Checklist-based Inspections of Software Requirements–An Experimental Evaluation
wer200703,2007,2,Tony Gorschek,Tony Gorschek,Test-case Driven versus Checklist-based Inspections of Software Requirements–An Experimental Evaluation
wer200704,2007,1,Carina Alves,Carina Alves,Preliminary Results from an Empirical Study in Market-Driven Software Companies
wer200704,2007,2,Silvia Pereira,Silvia Pereira,Preliminary Results from an Empirical Study in Market-Driven Software Companies
wer200704,2007,3,George Valença,George Valença,Preliminary Results from an Empirical Study in Market-Driven Software Companies
wer200704,2007,4,João Pimentel,João Pimentel,Preliminary Results from an Empirical Study in Market-Driven Software Companies
wer200704,2007,5,Rodolfo V. C. L. de Andrade,Rodolfo V. C. L. de Andrade,Preliminary Results from an Empirical Study in Market-Driven Software Companies
wer200705,2007,1,V.M. B. Werneck,Vera Maria Benjamim Werneck,Evaluating ADELFE Methodology in the Requirements Identification
wer200705,2007,2,A. Y. Kano,A. Y. Kano,Evaluating ADELFE Methodology in the Requirements Identification
wer200705,2007,3,L. M. Cysneiros,Luiz Marcio Cysneiros,Evaluating ADELFE Methodology in the Requirements Identification
wer200706,2007,1,Catalin Bidian,Catalin Bidian,Towards Variability Design as Decision Boundary Placement
wer200706,2007,2,Eric S.K. Yu,Eric Yu,Towards Variability Design as Decision Boundary Placement
wer200707,2007,1,Sepideh Ghanavati,Sepideh Ghanavati,A Requirements Management Framework for Privacy Compliance
wer200707,2007,2,Daniel Amyot,Daniel Amyot,A Requirements Management Framework for Privacy Compliance
wer200707,2007,3,Liam Peyton,Liam Peyton,A Requirements Management Framework for Privacy Compliance
wer200708,2007,1,André Di Thommazo,André Di Thommazo,O Gerenciamento de Requisitos no Ambiente COCAR
wer200708,2007,2,Marcos Danilo Martins,Marcos Danilo Martins,O Gerenciamento de Requisitos no Ambiente COCAR
wer200708,2007,3,Sandra Fabbri,Sandra Fabbri,O Gerenciamento de Requisitos no Ambiente COCAR
wer200709,2007,1,Julio Cesar Sampaio do Prado Leite,Julio Cesar Sampaio do Prado Leite,A Strategy for Information Source Identification
wer200709,2007,2,Edson Andrade de Moraes,Edson Andrade de Moraes,A Strategy for Information Source Identification
wer200709,2007,3,Carlos Eduardo Portela Serra de Castro,Carlos Eduardo Portela Serra de Castro,A Strategy for Information Source Identification
wer200710,2007,1,Jose Luis De la Vara González,Jose Luis De la Vara González,Descomposición de árboles de metas a partir de modelos de procesos
wer200710,2007,2,David Anes Alcolea,David Anes Alcolea,Descomposición de árboles de metas a partir de modelos de procesos
wer200710,2007,3,Juan Sánchez Díaz,Juan Sánchez,Descomposición de árboles de metas a partir de modelos de procesos
wer200711,2007,1,Silvia Angelica Zanco Ladeira,Silvia Angelica Zanco Ladeira,Guidelines for Business Modeling Elaboration based on Views from Domain Information
wer200711,2007,2,Maria Istela Cagnin,Maria Istela Cagnin,Guidelines for Business Modeling Elaboration based on Views from Domain Information
wer200712,2007,1,Gunter Mussbacher,Gunter Mussbacher,Evolving Use Case Maps as a Scenario and Workflow Description Language
wer200713,2007,1,José Luís De la Vara González,Jose Luis De la Vara González,Integración de un entorno de producción automática de software en un marco de alineamiento estratégico
wer200713,2007,2,Juan Sánchez Díaz,Juan Sánchez,Integración de un entorno de producción automática de software en un marco de alineamiento estratégico
wer200713,2007,3,Óscar Pastor López,Oscar Pastor,Integración de un entorno de producción automática de software en un marco de alineamiento estratégico
wer200714,2007,1,Alireza Pourshahid,Alireza Pourshahid,Business Process Monitoring and Alignment: An Approach Based on the User Requirements Notation and Business Intelligence Tools
wer200714,2007,2,Daniel Amyot,Daniel Amyot,Business Process Monitoring and Alignment: An Approach Based on the User Requirements Notation and Business Intelligence Tools
wer200714,2007,3,Pengfei Chen Michael Weiss,Pengfei Chen Michael Weiss,Business Process Monitoring and Alignment: An Approach Based on the User Requirements Notation and Business Intelligence Tools
wer200714,2007,4,Alan J. Forster,Alan J. Forster,Business Process Monitoring and Alignment: An Approach Based on the User Requirements Notation and Business Intelligence Tools
wer200715,2007,1,Zude Li,Zude Li,An Approach to Requirements Encapsulation with Clustering
wer200715,2007,2,Quazi A. Rahman,Quazi A. Rahman,An Approach to Requirements Encapsulation with Clustering
wer200715,2007,3,Nazim H. Madhavji,Nazim H. Madhavji,An Approach to Requirements Encapsulation with Clustering
wer200716,2007,1,Sri Fatimah Tjong,Sri Fatimah Tjong,Extended Disambiguation Rules for Requirements Specifications
wer200716,2007,2,Michael Hartley,Michael Hartley,Extended Disambiguation Rules for Requirements Specifications
wer200716,2007,3,Daniel M. Berry,Daniel M. Berry,Extended Disambiguation Rules for Requirements Specifications
wer200717,2007,1,Ricardo A. Ramos,Ricardo Ramos,i* with Aspects: Evaluating Understandability
wer200717,2007,2,Fernanda Alencar,Fernanda Alencar,i* with Aspects: Evaluating Understandability
wer200717,2007,3,João Araújo,João Araújo,i* with Aspects: Evaluating Understandability
wer200717,2007,4,Ana Moreira,Ana Moreira,i* with Aspects: Evaluating Understandability
wer200717,2007,5,Jaelson Castro,Jaelson Castro,i* with Aspects: Evaluating Understandability
wer200717,2007,6,Rosangela Penteado,Rosangela Penteado,i* with Aspects: Evaluating Understandability
wer200718,2007,1,Ellen Souza,Ellen Souza,Analyzing Problem Frames together with Solution Patterns
wer200718,2007,2,Maria Lencastre,Maria Lencastre,Analyzing Problem Frames together with Solution Patterns
wer200718,2007,3,Renata Melo,Renata Melo,Analyzing Problem Frames together with Solution Patterns
wer200718,2007,4,Lilian Ramires,Lilian Ramires,Analyzing Problem Frames together with Solution Patterns
wer200718,2007,5,Keldjan Alves,Keldjan Alves,Analyzing Problem Frames together with Solution Patterns
wer200719,2007,1,M. Daneva,Maya Daneva,Exploiting a Goal-Decomposition Technique to Prioritize Non-functional Requirements
wer200719,2007,2,M. Kassab,M. Kassab,Exploiting a Goal-Decomposition Technique to Prioritize Non-functional Requirements
wer200719,2007,3,M. L. Ponisio,M. L. Ponisio,Exploiting a Goal-Decomposition Technique to Prioritize Non-functional Requirements
wer200719,2007,4,R. J. Wieringa,Roel Wieringa,Exploiting a Goal-Decomposition Technique to Prioritize Non-functional Requirements
wer200719,2007,5,O. Ormandjieva,Olga Ormandjieva,Exploiting a Goal-Decomposition Technique to Prioritize Non-functional Requirements
wer200720,2007,1,Nadzeya Kiyavitskaya,Nadzeya Kiyavitskaya,Requirements for Tools for Ambiguity Identification and Measurement in Natural Language Requirements Specifications
wer200720,2007,2,Nicola Zeni,Nicola Zeni,Requirements for Tools for Ambiguity Identification and Measurement in Natural Language Requirements Specifications
wer200720,2007,3,Luisa Mich,Luisa Mich,Requirements for Tools for Ambiguity Identification and Measurement in Natural Language Requirements Specifications
wer200720,2007,4,Daniel M. Berry,Daniel M. Berry,Requirements for Tools for Ambiguity Identification and Measurement in Natural Language Requirements Specifications
wer200721,2007,1,Faranak Farzad,Faranak Farzad,Role-Based Access Control Requirements Model with Purpose Extension
wer200721,2007,2,Eric Yu,Eric Yu,Role-Based Access Control Requirements Model with Purpose Extension
wer200721,2007,3,Patrick C. K. Hung,Patrick C. K. Hung,Role-Based Access Control Requirements Model with Purpose Extension
wer200801,2008,1,Montse Ereño Incera,Montse Ereño Incera,TRANSER: Ingeniería de Requisitos en un Desarrollo Orientado al Mercado.
wer200801,2008,2,Jokin Arizmendi,Jokin Arizmendi,TRANSER: Ingeniería de Requisitos en un Desarrollo Orientado al Mercado.
wer200801,2008,3,Eusebi Calonge,Eusebi Calonge,TRANSER: Ingeniería de Requisitos en un Desarrollo Orientado al Mercado.
wer200801,2008,4,Joxeja Oiarbide,Joxeja Oiarbide,TRANSER: Ingeniería de Requisitos en un Desarrollo Orientado al Mercado.
wer200802,2008,1,Mabel Bertolami,Mabel Bertolami,Evaluación Empírica de la Estimación de Tamaño Funcional de Escenarios
wer200802,2008,2,Alejandro Oliveros,Alejandro Oliveros,Evaluación Empírica de la Estimación de Tamaño Funcional de Escenarios
wer200803,2008,1,Milene Serrano,Milene Serrano,Uma Proposta para Avaliação de Equipes de Requisitos
wer200803,2008,2,Fillipe Napolitano,Fillipe Napolitano,Uma Proposta para Avaliação de Equipes de Requisitos
wer200803,2008,3,Maurício Serrano,Maurício Serrano,Uma Proposta para Avaliação de Equipes de Requisitos
wer200803,2008,4,Eduardo Kinder,Eduardo Kinder Almentero,Uma Proposta para Avaliação de Equipes de Requisitos
wer200803,2008,5,Mark Douglas,Mark Douglas,Uma Proposta para Avaliação de Equipes de Requisitos
wer200803,2008,6,Danielle Loyola,Danielle Loyola,Uma Proposta para Avaliação de Equipes de Requisitos
wer200803,2008,7,Bruno Rezende,Bruno Rezende,Uma Proposta para Avaliação de Equipes de Requisitos
wer200803,2008,8,Julio Cesar Sampaio do Prado Leite,Julio Cesar Sampaio do Prado Leite,Uma Proposta para Avaliação de Equipes de Requisitos
wer200804,2008,1,Márcia Seabra Cabral,Márcia Seabra Cabral,Aplicação de Técnicas de Leitura durante a Análise de Requisitos
wer200804,2008,2,Fernanda Alencar,Fernanda Alencar,Aplicação de Técnicas de Leitura durante a Análise de Requisitos
wer200804,2008,3,Jaelson Castro,Jaelson Castro,Aplicação de Técnicas de Leitura durante a Análise de Requisitos
wer200804,2008,4,Oscar Pastor,Oscar Pastor,Aplicação de Técnicas de Leitura durante a Análise de Requisitos
wer200804,2008,5,Juan Sánchez,Juan Sánchez,Aplicação de Técnicas de Leitura durante a Análise de Requisitos
wer200805,2008,1,Sri Fatimah Tjong,Sri Fatimah Tjong,Can Rules of Inferences Resolve Coordination Ambiguity in Natural Language Requirements Specification?
wer200805,2008,2,Daniel M. Berry,Daniel M. Berry,Can Rules of Inferences Resolve Coordination Ambiguity in Natural Language Requirements Specification?
wer200806,2008,1,Miguel A. Laguna,Miguel A. Laguna,Product Line Requirements: Multi-Paradigm Variability Models
wer200806,2008,2,Bruno González-Baixauli,Bruno González-Baixauli,Product Line Requirements: Multi-Paradigm Variability Models
wer200807,2008,1,Miguel Romero,Miguel Romero,Designing a Simulator for the Training of Software Engineers in Global Requirements Elicitation
wer200807,2008,2,Aurora Vizcaíno,Aurora Vizcaíno,Designing a Simulator for the Training of Software Engineers in Global Requirements Elicitation
wer200807,2008,3,Mario Piattini,Mario Piattini,Designing a Simulator for the Training of Software Engineers in Global Requirements Elicitation
wer200808,2008,1,Dante Carrizo,Dante Carrizo,Study of Elicitation Techniques Adequacy
wer200808,2008,2,Oscar Dieste,Oscar Dieste,Study of Elicitation Techniques Adequacy
wer200808,2008,3,Natalia Juristo,Natalia Juristo,Study of Elicitation Techniques Adequacy
wer200809,2008,1,Alline de Melo Lemos,Alline de Melo Lemos,Engenharia de requisitos em ambientes distribuídos de desenvolvimento de software: resultados preliminares de um estudo etnográfico
wer200809,2008,2,Cleidson R. B. de Souza,Cleidson R. B. de Souza,Engenharia de requisitos em ambientes distribuídos de desenvolvimento de software: resultados preliminares de um estudo etnográfico
wer200810,2008,1,Oscar Dieste,Oscar Dieste,Updating a Systematic Review about Selection of Software Requirements Elicitation Techniques
wer200810,2008,2,Marta Lopez,Marta Lopez,Updating a Systematic Review about Selection of Software Requirements Elicitation Techniques
wer200810,2008,3,Felicidad Ramos,Felicidad Ramos,Updating a Systematic Review about Selection of Software Requirements Elicitation Techniques
wer200811,2008,1,Gabriela N. Aranda,Gabriela N. Aranda,A Methodology for Reducing Geographical Dispersion Problems during Global Requirements Elicitation
wer200811,2008,2,Aurora Vizcaíno,Aurora Vizcaíno,A Methodology for Reducing Geographical Dispersion Problems during Global Requirements Elicitation
wer200811,2008,3,Alejandra Cechich,Alejandra Cechich,A Methodology for Reducing Geographical Dispersion Problems during Global Requirements Elicitation
wer200811,2008,4,Mario Piattini,Mario Piattini,A Methodology for Reducing Geographical Dispersion Problems during Global Requirements Elicitation
wer200812,2008,1,Shadi Moradi Seresht,Shadi Moradi Seresht,Automated Assistance for Use Cases Elicitation from User Requirements Text
wer200812,2008,2,Olga Ormandjieva,Olga Ormandjieva,Automated Assistance for Use Cases Elicitation from User Requirements Text
wer200813,2008,1,Wilson Carlos da Silva,Wilson Carlos da Silva,PARADIGMA: Uma Ferramenta de Apoio à Elicitação e Modelagem de Requisitos Baseada em Processamento de Linguagem Natural
wer200813,2008,2,Luiz Eduardo Galvão Martins,Luiz Eduardo Galvão Martins,PARADIGMA: Uma Ferramenta de Apoio à Elicitação e Modelagem de Requisitos Baseada em Processamento de Linguagem Natural
wer200814,2008,1,Antonio de Padua Albuquerque Oliveira,Antonio de Padua Albuquerque Oliveira,Método ERi*c - Engenharia de Requisitos Intencional
wer200814,2008,2,Julio Cesar Sampaio do Prado Leite,Julio Cesar Sampaio do Prado Leite,Método ERi*c - Engenharia de Requisitos Intencional
wer200814,2008,3,Luiz Marcio Cysneiros,Luiz Marcio Cysneiros,Método ERi*c - Engenharia de Requisitos Intencional
wer200815,2008,1,Dênis Zaniro,Dênis Zaniro,Um Processo Guiado para Levantamento e Modelagem de Requisitos de Aplicações Web Baseado em Objetivos e Casos de Uso
wer200815,2008,2,Sandra Fabbri,Sandra Fabbri,Um Processo Guiado para Levantamento e Modelagem de Requisitos de Aplicações Web Baseado em Objetivos e Casos de Uso
wer200816,2008,1,Bruno Santana da Silva,Bruno Santana da Silva,A Language-Based Approach to Variability Analysis
wer200816,2008,2,Simone Diniz Junqueira Barbosa,Simone Diniz Junqueira Barbosa,A Language-Based Approach to Variability Analysis
wer200816,2008,3,Julio Cesar Sampaio do Prado Leite,Julio Cesar Sampaio do Prado Leite,A Language-Based Approach to Variability Analysis
wer200817,2008,1,Marcelio Leal,Marcelio D’oliveira Leal,Uma abordagem semi-automática para a manutenção de links de rastreabilidade
wer200817,2008,2,Mayara Figueiredo,Mayara Figueiredo,Uma abordagem semi-automática para a manutenção de links de rastreabilidade
wer200817,2008,3,Cleidson R. B. de Souza,Cleidson R. B. de Souza,Uma abordagem semi-automática para a manutenção de links de rastreabilidade
wer200818,2008,1,Nelly Condori-Fernández,Nelly Condori-Fernández,Quantifying Functional Reuse from Object Oriented Requirements Specifications
wer200818,2008,2,Oscar Pastor,Oscar Pastor,Quantifying Functional Reuse from Object Oriented Requirements Specifications
wer200818,2008,3,Maya Daneva,Maya Daneva,Quantifying Functional Reuse from Object Oriented Requirements Specifications
wer200818,2008,4,Alain Abran,Alain Abran,Quantifying Functional Reuse from Object Oriented Requirements Specifications
wer200818,2008,5,Jaelson Castro,Jaelson Castro,Quantifying Functional Reuse from Object Oriented Requirements Specifications
wer200819,2008,1,Nan Ma,Nan Ma,Using Mediation Theory to Build a Requirements Conflict Resolution Model
wer200819,2008,2,Tracy Hall,Tracy Hall,Using Mediation Theory to Build a Requirements Conflict Resolution Model
wer200819,2008,3,Trevor Barker,Trevor Barker,Using Mediation Theory to Build a Requirements Conflict Resolution Model
wer200819,2008,4,Ming Zhang,Ming Zhang,Using Mediation Theory to Build a Requirements Conflict Resolution Model
wer200820,2008,1,Francisco Milton Mendes Neto,Francisco Milton Mendes Neto,Um Framework para Avaliação de Episódios de Gestão de Conhecimento
wer200820,2008,2,Pedro Fernandes Ribeiro Neto,Pedro Fernandes Ribeiro Neto,Um Framework para Avaliação de Episódios de Gestão de Conhecimento
wer200901,2009,1,Vera Maria Bejamim Werneck,Vera Maria Benjamim Werneck,Comparing GORE Frameworks: i-star and KAOS
wer200901,2009,2,Antonio de Padua Albuquerque Oliveira,Antonio de Padua Albuquerque Oliveira,Comparing GORE Frameworks: i-star and KAOS
wer200901,2009,3,Julio Cesar Sampaio do Prado Leite,Julio Cesar Sampaio do Prado Leite,Comparing GORE Frameworks: i-star and KAOS
wer200902,2009,1,Luiz Marcio Cysneiros,Luiz Marcio Cysneiros,An Initial Analysis on How Software Transparency and Trust Influence each other
wer200902,2009,2,Vera Maria Benjamim Werneck,Vera Maria Benjamim Werneck,An Initial Analysis on How Software Transparency and Trust Influence each other
wer200903,2009,1,Carlos Cares,Carlos Cares,Towards a Framework for Improving Goal-Oriented Requirement Models Quality
wer200903,2009,2,Xavier Franch,Xavier Franch,Towards a Framework for Improving Goal-Oriented Requirement Models Quality
wer200904,2009,1,Marcia Lucena,Marcia Lucena,Modularizando Modelos i*: uma Abordagem baseada em Transformação de Modelos
wer200904,2009,2,Carla Silva,Carla Silva,Modularizando Modelos i*: uma Abordagem baseada em Transformação de Modelos
wer200904,2009,3,Emanuel Santos,Emanuel Santos,Modularizando Modelos i*: uma Abordagem baseada em Transformação de Modelos
wer200904,2009,4,Fernanda Alencar,Fernanda Alencar,Modularizando Modelos i*: uma Abordagem baseada em Transformação de Modelos
wer200904,2009,5,Jaelson Castro,Jaelson Castro,Modularizando Modelos i*: uma Abordagem baseada em Transformação de Modelos
wer200905,2009,1,Juan Pablo Carvallo,Juan Pablo Carvallo,Descubriendo la Arquitectura de Sistemas de Software Híbridos: Un Enfoque Basado en Modelos i*
wer200905,2009,2,Xavier Franch,Xavier Franch,Descubriendo la Arquitectura de Sistemas de Software Híbridos: Un Enfoque Basado en Modelos i*
wer200906,2009,1,Anselmo de Araujo Couto,Anselmo de Araujo Couto,Um Processo de Validação de Requisitos Não-Funcionais Baseado no NFR-Framework
wer200906,2009,2,Luiz Eduardo Galvão Martins,Luiz Eduardo Galvão Martins,Um Processo de Validação de Requisitos Não-Funcionais Baseado no NFR-Framework
wer200907,2009,1,Graciela Hadad,Graciela D.S. Hadad,Explicitar Requisitos del Software usando Escenarios
wer200907,2009,2,Jorge Doorn,Jorge Doorn,Explicitar Requisitos del Software usando Escenarios
wer200907,2009,3,Gladys Kaplan,Gladys N. Kaplan,Explicitar Requisitos del Software usando Escenarios
wer200908,2009,1,Graciela Hadad,Graciela D.S. Hadad,Facilitando la Asignación de Prioridades a los Requisitos
wer200908,2009,2,Jorge Doorn,Jorge Doorn,Facilitando la Asignación de Prioridades a los Requisitos
wer200908,2009,3,Marcela Ridao,Marcela Ridao,Facilitando la Asignación de Prioridades a los Requisitos
wer200908,2009,4,Gladys Kaplan,Gladys N. Kaplan,Facilitando la Asignación de Prioridades a los Requisitos
wer200909,2009,1,Aldo Quelopana Retamal,Aldo Quelopana Retamal,Una Propuesta Metodológica para Modelar Procesos de Negocio de Decisión como Técnica de Elicitación de Requisitos para Sistemas de Business Intelligence
wer200909,2009,2,Vianca Vega Zepeda,Vianca Vega Zepeda,Una Propuesta Metodológica para Modelar Procesos de Negocio de Decisión como Técnica de Elicitación de Requisitos para Sistemas de Business Intelligence
wer200909,2009,3,José Gallardo Arancibia,José Gallardo Arancibia,Una Propuesta Metodológica para Modelar Procesos de Negocio de Decisión como Técnica de Elicitación de Requisitos para Sistemas de Business Intelligence
wer200909,2009,4,Claudio Meneses Villegas,Claudio Meneses Villegas,Una Propuesta Metodológica para Modelar Procesos de Negocio de Decisión como Técnica de Elicitación de Requisitos para Sistemas de Business Intelligence
wer200910,2009,1,Nelly Condori-Fernandez,Nelly Condori-Fernández,Research Findings on Empirical Evaluation of Requirements Specifications Approaches
wer200910,2009,2,Maya Daneva,Maya Daneva,Research Findings on Empirical Evaluation of Requirements Specifications Approaches
wer200910,2009,3,Klaas Sikkel,Klaas Sikkel,Research Findings on Empirical Evaluation of Requirements Specifications Approaches
wer200910,2009,4,Roel Wieringa,Roel Wieringa,Research Findings on Empirical Evaluation of Requirements Specifications Approaches
wer200910,2009,5,Oscar Dieste,Oscar Dieste,Research Findings on Empirical Evaluation of Requirements Specifications Approaches
wer200910,2009,6,Oscar Pastor,Oscar Pastor,Research Findings on Empirical Evaluation of Requirements Specifications Approaches
wer200911,2009,1,Claiton Luís Grings,Claiton Luís Grings,OpenReq: uma Ferramenta para Auxílio à Gerência de Requisitos
wer200911,2009,2,Miriam Sayão,Miriam Sayão,OpenReq: uma Ferramenta para Auxílio à Gerência de Requisitos
wer200912,2009,1,Pedro O. Rossel,Pedro O. Rossel,A Systematic Process for Defining Meshing Tool Software Product Line Domain Model
wer200912,2009,2,María Cecilia Bastarrica,María Cecilia Bastarrica,A Systematic Process for Defining Meshing Tool Software Product Line Domain Model
wer200912,2009,3,Nancy Hitschfeld-Kahler,Nancy Hitschfeld-Kahler,A Systematic Process for Defining Meshing Tool Software Product Line Domain Model
wer200913,2009,1,Marcelio D’oliveira Leal,Marcelio D’oliveira Leal,Uma Avaliação sobre Rastreabilidade de Software no Contexto do MPS.BR
wer200913,2009,2,Sandro Ronaldo Bezerra Oliveira,Sandro R. B. Oliveira,Uma Avaliação sobre Rastreabilidade de Software no Contexto do MPS.BR
wer200913,2009,3,Cleidson Ronald Botelho de Souza,Cleidson R. B. de Souza,Uma Avaliação sobre Rastreabilidade de Software no Contexto do MPS.BR
wer200914,2009,1,Thais Ebling,Thais Ebling,Towards a requirements reuse method using Product Line in distributed environments
wer200914,2009,2,Jorge Luis Nicolas Audy,Jorge Luis N. Audy,Towards a requirements reuse method using Product Line in distributed environments
wer200914,2009,3,Rafael Prikladnicki,Rafael Prikladnicki,Towards a requirements reuse method using Product Line in distributed environments
wer201001,2010,1,Emanuel Santos,Emanuel Santos,A Goal-Oriented Approach for Variability in BPMN
wer201001,2010,2,Jaelson Castro,Jaelson Castro,A Goal-Oriented Approach for Variability in BPMN
wer201001,2010,3,Juan Sánchez,Juan Sánchez,A Goal-Oriented Approach for Variability in BPMN
wer201001,2010,4,Oscar Pastor,Oscar Pastor,A Goal-Oriented Approach for Variability in BPMN
wer201002,2010,1,Laís Xavier,Laís Xavier,Integração de Requisitos Não-Funcionais a Processos de Negócio: Integrando BPMN e NFR
wer201002,2010,2,Fernanda Alencar,Fernanda Alencar,Integração de Requisitos Não-Funcionais a Processos de Negócio: Integrando BPMN e NFR
wer201002,2010,3,Jaelson Castro,Jaelson Castro,Integração de Requisitos Não-Funcionais a Processos de Negócio: Integrando BPMN e NFR
wer201002,2010,4,João Pimentel,João Pimentel,Integração de Requisitos Não-Funcionais a Processos de Negócio: Integrando BPMN e NFR
wer201003,2010,1,Carla Silva,Carla Silva,G2SPL: Um Processo de Engenharia de Requisitos Orientada a Objetivos para Linhas de Produtos de Software
wer201003,2010,2,Clarissa Borba,Clarissa Borba,G2SPL: Um Processo de Engenharia de Requisitos Orientada a Objetivos para Linhas de Produtos de Software
wer201003,2010,3,Jaelson Castro,Jaelson Castro,G2SPL: Um Processo de Engenharia de Requisitos Orientada a Objetivos para Linhas de Produtos de Software
wer201004,2010,1,Jaime Cazuhiro Ossada,Jaime Cazuhiro Ossada,Um Estudo de Campo sobre o Estado da Prática da Elicitação de Requisitos em Sistemas Embarcados
wer201004,2010,2,Luiz Eduardo Galvão Martins,Luiz Eduardo Galvão Martins,Um Estudo de Campo sobre o Estado da Prática da Elicitação de Requisitos em Sistemas Embarcados
wer201005,2010,1,Leo Ordinez,Leo Ordinez,From User Requirements to Tasks Descriptions in Real-Time Systems
wer201005,2010,2,David Donari,David Donari,From User Requirements to Tasks Descriptions in Real-Time Systems
wer201005,2010,3,Rodrigo Santos,Rodrigo Santos,From User Requirements to Tasks Descriptions in Real-Time Systems
wer201005,2010,4,Javier Orozco,Javier Orozco,From User Requirements to Tasks Descriptions in Real-Time Systems
wer201006,2010,1,Elizabeth Suescun,Elizabeth Suescún Monsalve,Evolución de un Juego Educacional de Ingeniería de Software a través de Técnicas de Elicitación de Requisitos
wer201006,2010,2,Vera Werneck,Vera Maria Benjamim Werneck,Evolución de un Juego Educacional de Ingeniería de Software a través de Técnicas de Elicitación de Requisitos
wer201006,2010,3,Julio Sampaio do Prado Leite,Julio Cesar Sampaio do Prado Leite,Evolución de un Juego Educacional de Ingeniería de Software a través de Técnicas de Elicitación de Requisitos
wer201007,2010,1,Alexandre Brito Cardias Junior,Alexandre Brito Cardias Junior,Uma Análise Avaliativa de Ferramentas de Software Livre no Contexto da Implementação do Processo de Gerência de Requisitos do MPS.BR
wer201007,2010,2,Luciana Neves Bentes,Luciana Neves Bentes,Uma Análise Avaliativa de Ferramentas de Software Livre no Contexto da Implementação do Processo de Gerência de Requisitos do MPS.BR
wer201007,2010,3,Mauricio Ronny,Mauricio Ronny,Uma Análise Avaliativa de Ferramentas de Software Livre no Contexto da Implementação do Processo de Gerência de Requisitos do MPS.BR
wer201007,2010,4,Sandro Ronaldo Bezerra Oliveira,Sandro R. B. Oliveira,Uma Análise Avaliativa de Ferramentas de Software Livre no Contexto da Implementação do Processo de Gerência de Requisitos do MPS.BR
wer201007,2010,5,Ewelton Yoshidome,Ewelton Y. C. Yoshidome,Uma Análise Avaliativa de Ferramentas de Software Livre no Contexto da Implementação do Processo de Gerência de Requisitos do MPS.BR
wer201008,2010,1,Pablo Dall Oglio,Pablo Dall Oglio,Um Modelo de Rastreabilidade com suporte ao Gerenciamento de Mudanças e Análise de Impacto
wer201008,2010,2,João Pablo Silva da Silva,João Pablo Silva da Silva,Um Modelo de Rastreabilidade com suporte ao Gerenciamento de Mudanças e Análise de Impacto
wer201008,2010,3,Sérgio Crespo Coelho da Silva Pinto,Sérgio Crespo Coelho da Silva Pinto,Um Modelo de Rastreabilidade com suporte ao Gerenciamento de Mudanças e Análise de Impacto
wer201009,2010,1,Fadil Alturki,Fadil Alturki,A Tool for Formal Feature Modeling Based on BDDs and Product Families Algebra
wer201009,2010,2,Ridha Khedri,Ridha Khedri,A Tool for Formal Feature Modeling Based on BDDs and Product Families Algebra
wer201010,2010,1,Alicia Martínez,Alicia Martínez,Lenguaje de Especificación para el Framework Tropos
wer201010,2010,2,Carmen Velasco,Carmen Velasco,Lenguaje de Especificación para el Framework Tropos
wer201010,2010,3,Eliel Morales,Eliel Morales,Lenguaje de Especificación para el Framework Tropos
wer201010,2010,4,Hugo Estrada,Hugo Estrada,Lenguaje de Especificación para el Framework Tropos
wer201010,2010,5,Luis A. Gama,Luis A. Gama,Lenguaje de Especificación para el Framework Tropos
wer201011,2010,1,Luiz Eduardo Galvão Martins,Luiz Eduardo Galvão Martins,TERASE: Template para Especificação de Requisitos de Ambiente em Sistemas Embarcados
wer201011,2010,2,Roberto de Souza Júnior,Roberto de Souza Júnior,TERASE: Template para Especificação de Requisitos de Ambiente em Sistemas Embarcados
wer201011,2010,3,Hermano Peixoto de Oliveira Jr,Hermano Peixoto de Oliveira Jr,TERASE: Template para Especificação de Requisitos de Ambiente em Sistemas Embarcados
wer201011,2010,4,Cecilia Sosa Arias Peixoto,Cecilia Sosa Arias Peixoto,TERASE: Template para Especificação de Requisitos de Ambiente em Sistemas Embarcados
wer201101,2011,1,Rodrigo Cezario da Silva,Rodrigo Cezario da Silva,Padrões de Escrita de Requisitos: um mapeamento sistemático da literatura
wer201101,2011,2,Fabiane Barreto Vavassori Benitti,Fabiane Barreto Vavassori Benitti,Padrões de Escrita de Requisitos: um mapeamento sistemático da literatura
wer201102,2011,1,Elisa Yumi Nakagawa,Elisa Yumi Nakagawa,Using Systematic Review to Elicit Requirements of Reference Architectures
wer201102,2011,2,Lucas Bueno Ruas Oliveira,Lucas Bueno Ruas Oliveira,Using Systematic Review to Elicit Requirements of Reference Architectures
wer201103,2011,1,Cristiano Ferreira de Souza,Cristiano Ferreira de Souza,Uma Proposta de Elicitação e Análise de Requisitos no Contexto de Médias e Pequenas Empresas de Desenvolvimento de Software
wer201103,2011,2,Victor F. A. Santander,Victor Francisco Araya Santander,Uma Proposta de Elicitação e Análise de Requisitos no Contexto de Médias e Pequenas Empresas de Desenvolvimento de Software
wer201104,2011,1,Dante Carrizo,Dante Carrizo,Estudio experimental de la efectividad de la entrevista abierta frente a la entrevista independiente de contexto
wer201104,2011,2,Oscar Dieste,Oscar Dieste,Estudio experimental de la efectividad de la entrevista abierta frente a la entrevista independiente de contexto
wer201104,2011,3,Natalia Juristo,Natalia Juristo,Estudio experimental de la efectividad de la entrevista abierta frente a la entrevista independiente de contexto
wer201104,2011,4,Marta López,Marta Lopez,Estudio experimental de la efectividad de la entrevista abierta frente a la entrevista independiente de contexto
wer201105,2011,1,Victor O. Hermsdorf,Victor O. Hermsdorf,Modelagem da atividade de elicitação de requisitos utilizando a técnica de entrevista: uma abordagem utilizando dinâmica de sistemas
wer201105,2011,2,José Luis Braga,José Luis Braga,Modelagem da atividade de elicitação de requisitos utilizando a técnica de entrevista: uma abordagem utilizando dinâmica de sistemas
wer201105,2011,3,Leonardo Carvalho,Leonardo Fonseca de Carvalho,Modelagem da atividade de elicitação de requisitos utilizando a técnica de entrevista: uma abordagem utilizando dinâmica de sistemas
wer201105,2011,4,Liziane S. Soares,Liziane S. Soares,Modelagem da atividade de elicitação de requisitos utilizando a técnica de entrevista: uma abordagem utilizando dinâmica de sistemas
wer201105,2011,5,Bernardo G. Ambrósio,Bernardo G. Ambrósio,Modelagem da atividade de elicitação de requisitos utilizando a técnica de entrevista: uma abordagem utilizando dinâmica de sistemas
wer201106,2011,1,André Luiz de Castro Leal,André Luiz de Castro Leal,Transparência Aplicada a Modelos de Negócio
wer201106,2011,2,Henrique Prado Sousa,Henrique Prado de Sá Sousa,Transparência Aplicada a Modelos de Negócio
wer201106,2011,3,Julio Cesar Sampaio do Prado Leite,Julio Cesar Sampaio do Prado Leite,Transparência Aplicada a Modelos de Negócio
wer201106,2011,4,José Luis Braga,José Luis Braga,Transparência Aplicada a Modelos de Negócio
wer201107,2011,1,Elizabeth Suescún Monsalve,Elizabeth Suescún Monsalve,O Método de Inspeção Semiótica Aplicado ao Requisito Usabilidade
wer201107,2011,2,Vera Maria B. Werneck,Vera Maria Benjamim Werneck,O Método de Inspeção Semiótica Aplicado ao Requisito Usabilidade
wer201107,2011,3,Julio Cesar Sampaio do Prado Leite,Julio Cesar Sampaio do Prado Leite,O Método de Inspeção Semiótica Aplicado ao Requisito Usabilidade
wer201108,2011,1,João Pimentel,João Pimentel,Specification of Failure-Handling Requirements as Policy Rules on Self-Adaptive Systems
wer201108,2011,2,Jaelson Castro,Jaelson Castro,Specification of Failure-Handling Requirements as Policy Rules on Self-Adaptive Systems
wer201108,2011,3,Xavier Franch,Xavier Franch,Specification of Failure-Handling Requirements as Policy Rules on Self-Adaptive Systems
wer201109,2011,1,Carla Silva,Carla Silva,De Arquitecturas Organizacionais em i* a Arquitecturas Baseadas em Agentes: Uma abordagem orientada a modelos
wer201109,2011,2,Pedro Dias,Pedro Dias,De Arquitecturas Organizacionais em i* a Arquitecturas Baseadas em Agentes: Uma abordagem orientada a modelos
wer201109,2011,3,João Araújo,João Araújo,De Arquitecturas Organizacionais em i* a Arquitecturas Baseadas em Agentes: Uma abordagem orientada a modelos
wer201109,2011,4,Ana Moreira,Ana Moreira,De Arquitecturas Organizacionais em i* a Arquitecturas Baseadas em Agentes: Uma abordagem orientada a modelos
wer201110,2011,1,Daniel Colomer,Daniel Colomer,Model Interchange and Tool Interoperability in the i* Framework: A Proof of Concept
wer201110,2011,2,Lidia López,Lidia López,Model Interchange and Tool Interoperability in the i* Framework: A Proof of Concept
wer201110,2011,3,Carlos Cares,Carlos Cares,Model Interchange and Tool Interoperability in the i* Framework: A Proof of Concept
wer201110,2011,4,Xavier Franch,Xavier Franch,Model Interchange and Tool Interoperability in the i* Framework: A Proof of Concept
wer201111,2011,1,Ernani Gaspar Santos,Ernani Gaspar Santos,Design Rationale Representation in Requirements Engineering using the KAOS meta-model
wer201111,2011,2,Adriana Pereira de Medeiros,Adriana Pereira de Medeiros,Design Rationale Representation in Requirements Engineering using the KAOS meta-model
wer201112,2011,1,Carla Silva,Carla Silva,A Goal Oriented Approach to Identify and Configure Feature Models for Software Product Lines
wer201112,2011,2,Clarissa Borba,Clarissa Borba,A Goal Oriented Approach to Identify and Configure Feature Models for Software Product Lines
wer201112,2011,3,Jaelson Castro,Jaelson Castro,A Goal Oriented Approach to Identify and Configure Feature Models for Software Product Lines
wer201113,2011,1,Arturo González,Arturo González,Message Structures: a modelling technique for information systems analysis and design
wer201113,2011,2,Marcela Ruiz,Marcela Ruiz,Message Structures: a modelling technique for information systems analysis and design
wer201113,2011,3,Sergio España,Sergio España,Message Structures: a modelling technique for information systems analysis and design
wer201113,2011,4,Óscar Pastor,Oscar Pastor,Message Structures: a modelling technique for information systems analysis and design
wer201114,2011,1,Fábio Levy Siqueira,Fábio Levy Siqueira,An Essential Textual Use Case Meta-model Based on an Analysis of Existing Proposals
wer201114,2011,2,Paulo Sérgio Muniz Silva,Paulo Sérgio Muniz Silva,An Essential Textual Use Case Meta-model Based on an Analysis of Existing Proposals
wer201115,2011,1,Zhi Li,Zhi Li,On the construction of specifications from requirements
wer201115,2011,2,Jon G. Hall,Jon G. Hall,On the construction of specifications from requirements
wer201115,2011,3,Lucia Rapanotti,Lucia Rapanotti,On the construction of specifications from requirements
wer201201,2012,1,Marcela Ruiz,Marcela Ruiz,A model-driven framework to integrate Communication Analysis and OO-Method: Supporting the model transformation
wer201201,2012,2,Sergio España,Sergio España,A model-driven framework to integrate Communication Analysis and OO-Method: Supporting the model transformation
wer201201,2012,3,Óscar Pastor,Oscar Pastor,A model-driven framework to integrate Communication Analysis and OO-Method: Supporting the model transformation
wer201201,2012,4,Arturo González,Arturo González,A model-driven framework to integrate Communication Analysis and OO-Method: Supporting the model transformation
wer201202,2012,1,Cleice Souza,Cleice Souza,AIRDoc-i*: um processo para avaliação de modelos i*
wer201202,2012,2,Fernanda Alencar,Fernanda Alencar,AIRDoc-i*: um processo para avaliação de modelos i*
wer201202,2012,3,Gabriela Guedes,Gabriela Guedes,AIRDoc-i*: um processo para avaliação de modelos i*
wer201202,2012,4,Monique Soares,Monique Soares,AIRDoc-i*: um processo para avaliação de modelos i*
wer201202,2012,5,Cláudia Souza,Cláudia Souza,AIRDoc-i*: um processo para avaliação de modelos i*
wer201202,2012,6,Ricardo Ramos,Ricardo Ramos,AIRDoc-i*: um processo para avaliação de modelos i*
wer201202,2012,7,Jaelson Castro,Jaelson Castro,AIRDoc-i*: um processo para avaliação de modelos i*
wer201203,2012,1,André Luiz de Castro Leal,André Luiz de Castro Leal,Bula de Software: Uma Estrutura Definida para Promover a Melhoria da Transparência em Software
wer201203,2012,2,Eduardo Almentero,Eduardo Kinder Almentero,Bula de Software: Uma Estrutura Definida para Promover a Melhoria da Transparência em Software
wer201203,2012,3,Herbet Cunha,Herbet de Souza Cunha,Bula de Software: Uma Estrutura Definida para Promover a Melhoria da Transparência em Software
wer201203,2012,4,Henrique P. Sousa,Henrique Prado de Sá Sousa,Bula de Software: Uma Estrutura Definida para Promover a Melhoria da Transparência em Software
wer201203,2012,5,Julio Cesar S. do P. Leite,Julio Cesar Sampaio do Prado Leite,Bula de Software: Uma Estrutura Definida para Promover a Melhoria da Transparência em Software
wer201204,2012,1,Leandro Antonelli,Leandro Antonelli,Deriving requirements specifications from the application domain language captured by Language Extended Lexicon
wer201204,2012,2,Gustavo Rossi,Gustavo Rossi,Deriving requirements specifications from the application domain language captured by Language Extended Lexicon
wer201204,2012,3,Julio Cesar Sampaio do Prado Leite,Julio Cesar Sampaio do Prado Leite,Deriving requirements specifications from the application domain language captured by Language Extended Lexicon
wer201204,2012,4,Alejandro Oliveros,Alejandro Oliveros,Deriving requirements specifications from the application domain language captured by Language Extended Lexicon
wer201205,2012,1,Leo Ordinez,Leo Ordinez,Extending the 4-Variable Approach to Cyber-Physical Systems: A Practical Experience
wer201205,2012,2,Omar Alimenti,Omar Alimenti,Extending the 4-Variable Approach to Cyber-Physical Systems: A Practical Experience
wer201205,2012,3,Emilia Rinland,Emilia Rinland,Extending the 4-Variable Approach to Cyber-Physical Systems: A Practical Experience
wer201205,2012,4,Marisa Gomez,Marisa Gomez,Extending the 4-Variable Approach to Cyber-Physical Systems: A Practical Experience
wer201205,2012,5,Jorge Marchetti,Jorge Marchetti,Extending the 4-Variable Approach to Cyber-Physical Systems: A Practical Experience
wer201206,2012,1,Jaime Cazuhiro Ossada,Jaime Cazuhiro Ossada,GERSE: Guia de Elicitação de Requisitos para Sistemas Embarcados
wer201206,2012,2,Luiz Eduardo G. Martins,Luiz Eduardo Galvão Martins,GERSE: Guia de Elicitação de Requisitos para Sistemas Embarcados
wer201206,2012,3,Bárbara Stefani Ranieri,Bárbara Stefani Ranieri,GERSE: Guia de Elicitação de Requisitos para Sistemas Embarcados
wer201206,2012,4,Anderson Belgamo,Anderson Belgamo,GERSE: Guia de Elicitação de Requisitos para Sistemas Embarcados
wer201207,2012,1,Verónica Castañeda,Verónica Castañeda,Improving the Quality of Software Requirements Specifications with Semantic Web Technologies
wer201207,2012,2,Luciana Ballejos,Luciana Ballejos,Improving the Quality of Software Requirements Specifications with Semantic Web Technologies
wer201207,2012,3,Ma. Laura Caliusco,Ma. Laura Caliusco,Improving the Quality of Software Requirements Specifications with Semantic Web Technologies
wer201208,2012,1,Romina Torres,Romina Torres,Market-aware Requirements
wer201208,2012,2,Hernan Astudillo,Hernan Astudillo,Market-aware Requirements
wer201209,2012,1,Mauro Brischke,Mauro Brischke,Melhorando a Ferramenta JGOOSE
wer201209,2012,2,Victor Francisco Araya Santander,Victor Francisco Araya Santander,Melhorando a Ferramenta JGOOSE
wer201209,2012,3,Ivonei Freitas da Silva,Ivonei Freitas da Silva,Melhorando a Ferramenta JGOOSE
wer201210,2012,1,Jacqueline Abreu do N. T. Rodrigues,Jacqueline Abreu do N. T. Rodrigues,Modelo Intencional Genérico de Sistemas Biométricos
wer201210,2012,2,Nathálea Salem,Nathálea Salem,Modelo Intencional Genérico de Sistemas Biométricos
wer201210,2012,3,Vera Maria B. Werneck,Vera Maria Benjamim Werneck,Modelo Intencional Genérico de Sistemas Biométricos
wer201211,2012,1,Karina Pérez Teruel,Karina Pérez Teruel,Modelo matemático y procedimiento para evaluación por complejidad de los requisitos software
wer201211,2012,2,Maikel Yelandi Leyva Vásquez,Maikel Yelandi Leyva Vásquez,Modelo matemático y procedimiento para evaluación por complejidad de los requisitos software
wer201211,2012,3,Ing. Karel Fernandez Cedeño,Ing. Karel Fernandez Cedeño,Modelo matemático y procedimiento para evaluación por complejidad de los requisitos software
wer201211,2012,4,Sasha Valdes Jimenez,Sasha Valdes Jimenez,Modelo matemático y procedimiento para evaluación por complejidad de los requisitos software
wer201211,2012,5,Ing. Daimara Mustelier Sanchidrian,Ing. Daimara Mustelier Sanchidrian,Modelo matemático y procedimiento para evaluación por complejidad de los requisitos software
wer201212,2012,1,José Henrique de Melo Cardoso,José Henrique de Melo Cardoso,O Processo de Engenharia de Requisitos sob a Ótica da Gestão de Processos de Negócio
wer201212,2012,2,Adicinéia Aparecida de Oliveira,Adicinéia Aparecida de Oliveira,O Processo de Engenharia de Requisitos sob a Ótica da Gestão de Processos de Negócio
wer201212,2012,3,Fernanda Alencar,Fernanda Alencar,O Processo de Engenharia de Requisitos sob a Ótica da Gestão de Processos de Negócio
wer201213,2012,1,Ewelton Y. C. Yoshidome,Ewelton Y. C. Yoshidome,Uma Apoio Sistematizado à Implementação do Processo de Desenvolvimento de Requisitos do MPS.BR e CMMI a partir do Uso de Ferramentas de Software Livre
wer201213,2012,2,Maurício R. de A. Souza,Maurício R. de A. Souza,Uma Apoio Sistematizado à Implementação do Processo de Desenvolvimento de Requisitos do MPS.BR e CMMI a partir do Uso de Ferramentas de Software Livre
wer201213,2012,3,Wallace M. P. Lira,Wallace M. P. Lira,Uma Apoio Sistematizado à Implementação do Processo de Desenvolvimento de Requisitos do MPS.BR e CMMI a partir do Uso de Ferramentas de Software Livre
wer201213,2012,4,Sandro R. B. Oliveira,Sandro R. B. Oliveira,Uma Apoio Sistematizado à Implementação do Processo de Desenvolvimento de Requisitos do MPS.BR e CMMI a partir do Uso de Ferramentas de Software Livre
wer201213,2012,5,Alexandre M. L. de Vasconcelos,Alexandre Marcos Lins de Vasconcelos,Uma Apoio Sistematizado à Implementação do Processo de Desenvolvimento de Requisitos do MPS.BR e CMMI a partir do Uso de Ferramentas de Software Livre
wer201214,2012,1,Joás Weslei Baía,Joás Weslei Baía,Verificação de Requisitos de Transparência em Modelos iStar
wer201214,2012,2,José Luis Braga,José Luis Braga,Verificação de Requisitos de Transparência em Modelos iStar
wer201214,2012,3,Leonardo Fonseca de Carvalho,Leonardo Fonseca de Carvalho,Verificação de Requisitos de Transparência em Modelos iStar
wer201301,2013,1,Karolyne Oliveira,Karolyne Oliveira,25 years of Requirements Engineering in Brazil: a systematic mapping
wer201301,2013,2,João Pimentel,João Pimentel,25 years of Requirements Engineering in Brazil: a systematic mapping
wer201301,2013,3,Emanuel Santos,Emanuel Santos,25 years of Requirements Engineering in Brazil: a systematic mapping
wer201301,2013,4,Diego Dermeval,Diego Dermeval,25 years of Requirements Engineering in Brazil: a systematic mapping
wer201301,2013,5,Gabriela Guedes,Gabriela Guedes,25 years of Requirements Engineering in Brazil: a systematic mapping
wer201301,2013,6,Jaelson Castro,Jaelson Castro,25 years of Requirements Engineering in Brazil: a systematic mapping
wer201301,2013,7,Fernanda Alencar,Fernanda Alencar,25 years of Requirements Engineering in Brazil: a systematic mapping
wer201301,2013,8,Carla Silva,Carla Silva,25 years of Requirements Engineering in Brazil: a systematic mapping
wer201301,2013,9,Cleice Souza,Cleice Souza,25 years of Requirements Engineering in Brazil: a systematic mapping
wer201301,2013,10,Monique Soares,Monique Soares,25 years of Requirements Engineering in Brazil: a systematic mapping
wer201302,2013,1,Maíra Medeiros,Maíra Medeiros,A Semi-Automatic Strategy to Identify Crosscutting Concerns in PL-AOVgraph Requirement Models
wer201302,2013,2,Lyrene Silva,Lyrene Fernandes da Silva,A Semi-Automatic Strategy to Identify Crosscutting Concerns in PL-AOVgraph Requirement Models
wer201302,2013,3,Ana Luisa Medeiros,Ana Luisa Medeiros,A Semi-Automatic Strategy to Identify Crosscutting Concerns in PL-AOVgraph Requirement Models
wer201303,2013,1,Fábio Levy Siqueira,Fábio Levy Siqueira,Analyzing the Use of an Enterprise Model as a Stakeholder Requirements Model: An Experiment
wer201303,2013,2,Paulo Sergio Muniz Silva,Paulo Sérgio Muniz Silva,Analyzing the Use of an Enterprise Model as a Stakeholder Requirements Model: An Experiment
wer201304,2013,1,Leandro Antonelli,Leandro Antonelli,Buenas prácticas en la especificación del dominio de una aplicación
wer201304,2013,2,Gustavo Rossi,Gustavo Rossi,Buenas prácticas en la especificación del dominio de una aplicación
wer201304,2013,3,Julio Leite,Julio Cesar Sampaio do Prado Leite,Buenas prácticas en la especificación del dominio de una aplicación
wer201304,2013,4,Alejandro Oliveros,Alejandro Oliveros,Buenas prácticas en la especificación del dominio de una aplicación
wer201305,2013,1,Claudia Silvia Litvak,Claudia Silvia Litvak,Correcciones semánticas en métodos de estimación de completitud de modelos en lenguaje natural
wer201305,2013,2,Graciela Dora Susana Hadad,Graciela D.S. Hadad,Correcciones semánticas en métodos de estimación de completitud de modelos en lenguaje natural
wer201305,2013,3,Jorge Horacio Doorn,Jorge Doorn,Correcciones semánticas en métodos de estimación de completitud de modelos en lenguaje natural
wer201306,2013,1,Larissa de Alencar Sobral,Larissa de Alencar Sobral,GT4CCI: An Approach Based on Grounded Theory for Crosscutting Concerns Identification in Requirements Documents
wer201306,2013,2,Lyrene Fernandes da Silva,Lyrene Fernandes da Silva,GT4CCI: An Approach Based on Grounded Theory for Crosscutting Concerns Identification in Requirements Documents
wer201307,2013,1,Dolors Costal,Dolors Costal,Introducing Use Cases in a small Organization: An Experience and Lessons Learned
wer201307,2013,2,Xavier Franch,Xavier Franch,Introducing Use Cases in a small Organization: An Experience and Lessons Learned
wer201307,2013,3,Luis Delgado,Luis Delgado,Introducing Use Cases in a small Organization: An Experience and Lessons Learned
wer201307,2013,4,Carme Jiménez,Carme Jiménez,Introducing Use Cases in a small Organization: An Experience and Lessons Learned
wer201308,2013,1,Roxana Saavedra,Roxana Saavedra,Quality Properties Evaluation for Software Requirements Specifications: An Exploratory Analysis.
wer201308,2013,2,Luciana Ballejos,Luciana Ballejos,Quality Properties Evaluation for Software Requirements Specifications: An Exploratory Analysis.
wer201308,2013,3,Mariel Ale,Mariel Ale,Quality Properties Evaluation for Software Requirements Specifications: An Exploratory Analysis.
wer201309,2013,1,Joselaine Valaski,Joselaine Valaski,Retrospective and Trends in Requirements Engineering through the WER
wer201309,2013,2,Wilian Stancke,Wilian Stancke,Retrospective and Trends in Requirements Engineering through the WER
wer201309,2013,3,Sheila Reinehr,Sheila Reinehr,Retrospective and Trends in Requirements Engineering through the WER
wer201309,2013,4,Andreia Malucelli,Andreia Malucelli,Retrospective and Trends in Requirements Engineering through the WER
wer201310,2013,1,Milena Rota Sena Marques,Milena Rota Sena Marques,Uma Abordagem para Engenharia de Requisitos no Domínio de Software Embarcado
wer201310,2013,2,Eliane Siegert,Eliane Siegert,Uma Abordagem para Engenharia de Requisitos no Domínio de Software Embarcado
wer201310,2013,3,Lisane de Brisolara,Lisane de Brisolara,Uma Abordagem para Engenharia de Requisitos no Domínio de Software Embarcado
wer201311,2013,1,Maria Carmen Leonardi,María Carmen Leonardi,Una estrategia de integración de  Modelos de Objetivos con Análisis Comunicacional
wer201311,2013,2,Roxana Giandini,Roxana Giandini,Una estrategia de integración de  Modelos de Objetivos con Análisis Comunicacional
wer201312,2013,1,Joas Baia,Joás Weslei Baía,Uso de sinônimos na identificação de atributos de transparência
wer201312,2013,2,José Luis Braga,José Luis Braga,Uso de sinônimos na identificação de atributos de transparência
wer201401,2014,1,Eduardo B. Fernandez,Eduardo B. Fernandez,Abstract security patterns for requirements specification and analysis of secure systems
wer201401,2014,2,Nobukazu Yoshioka,Nobukazu Yoshioka,Abstract security patterns for requirements specification and analysis of secure systems
wer201401,2014,3,Hironori Washizaki,Hironori Washizaki,Abstract security patterns for requirements specification and analysis of secure systems
wer201401,2014,4,Joseph Yoder,Joseph Yoder,Abstract security patterns for requirements specification and analysis of secure systems
wer201402,2014,1,Darlan Arruda,Darlan Arruda,"Engenharia de Requisitos: Um Survey realizado no Porto Digital, Recife/Brasil."
wer201402,2014,2,Rafael Soares,Rafael Soares,"Engenharia de Requisitos: Um Survey realizado no Porto Digital, Recife/Brasil."
wer201402,2014,3,Dércio Vieira,Dércio Vieira,"Engenharia de Requisitos: Um Survey realizado no Porto Digital, Recife/Brasil."
wer201402,2014,4,Rafael Ferreira,Rafael Ferreira,"Engenharia de Requisitos: Um Survey realizado no Porto Digital, Recife/Brasil."
wer201402,2014,5,Thiago Cabral,Thiago Cabral,"Engenharia de Requisitos: Um Survey realizado no Porto Digital, Recife/Brasil."
wer201402,2014,6,Maria Lencastre,Maria Lencastre,"Engenharia de Requisitos: Um Survey realizado no Porto Digital, Recife/Brasil."
wer201403,2014,1,Henrique Prado Sousa,Henrique Prado de Sá Sousa,Extração de casos de teste a partir de modelos de processos de negócio
wer201403,2014,2,André Luiz de Castro Leal,André Luiz de Castro Leal,Extração de casos de teste a partir de modelos de processos de negócio
wer201403,2014,3,Arndt von Staa,Arndt von Staa,Extração de casos de teste a partir de modelos de processos de negócio
wer201403,2014,4,Julio Cesar Sampaio do Prado Leite,Julio Cesar Sampaio do Prado Leite,Extração de casos de teste a partir de modelos de processos de negócio
wer201404,2014,1,Romina Torres,Romina Torres,Managing requirements@run.time with a linguistic decision making approach?
wer201404,2014,2,Hernan Astudillo,Hernan Astudillo,Managing requirements@run.time with a linguistic decision making approach?
wer201405,2014,1,André Luiz de Castro Leal,André Luiz de Castro Leal,"Modelo orientado à meta para estabelecer relações de contribuição mútua entre Proveniência, Transparência e Confiança"
wer201405,2014,2,Henrique Prado Sousa,Henrique Prado de Sá Sousa,"Modelo orientado à meta para estabelecer relações de contribuição mútua entre Proveniência, Transparência e Confiança"
wer201405,2014,3,Julio Cesar Sampaio do Prado Leite,Julio Cesar Sampaio do Prado Leite,"Modelo orientado à meta para estabelecer relações de contribuição mútua entre Proveniência, Transparência e Confiança"
wer201406,2014,1,Alex Lins de Araújo,Alex Lins de Araújo,NDR-Tool: Uma Ferramenta de Apoio ao Reuso de Conhecimento em Requisitos Não Funcionais
wer201406,2014,2,Luiz Marcio Cysneiros,Luiz Marcio Cysneiros,NDR-Tool: Uma Ferramenta de Apoio ao Reuso de Conhecimento em Requisitos Não Funcionais
wer201406,2014,3,Vera Maria B. Werneck,Vera Maria Benjamim Werneck,NDR-Tool: Uma Ferramenta de Apoio ao Reuso de Conhecimento em Requisitos Não Funcionais
wer201407,2014,1,Hidelberg Albuquerque,Hidelberg Albuquerque,NòmosBPMN: Adaptando o Nòmos para a Modelagem de Processos de Negócio
wer201407,2014,2,Carla Silva,Carla Silva,NòmosBPMN: Adaptando o Nòmos para a Modelagem de Processos de Negócio
wer201407,2014,3,Danielle Rousy,Danielle Rousy,NòmosBPMN: Adaptando o Nòmos para a Modelagem de Processos de Negócio
wer201408,2014,1,Alejandro Oliveros,Alejandro Oliveros,Prácticas de Ingeniería de Requerimientos en el desarrollo de aplicaciones Web
wer201408,2014,2,Fernando J. Danyans,Fernando J. Danyans,Prácticas de Ingeniería de Requerimientos en el desarrollo de aplicaciones Web
wer201408,2014,3,Matías L. Mastropietro,Matías L. Mastropietro,Prácticas de Ingeniería de Requerimientos en el desarrollo de aplicaciones Web
wer201409,2014,1,Ricardo de Almeida Falbo,Ricardo de Almeida Falbo,Semantic Documentation in Requirements Engineering
wer201409,2014,2,Carlos Eduardo C. Braga,Carlos Eduardo C. Braga,Semantic Documentation in Requirements Engineering
wer201409,2014,3,Bruno Nandolpho Machado,Bruno Nandolpho Machado,Semantic Documentation in Requirements Engineering
wer201410,2014,1,Danilo Tavares,Danilo Tavares,Um modelo de features para jogos sérios voltados à saúde: uma abordagem baseada em linha de produtos de software
wer201410,2014,2,Carla Silva,Carla Silva,Um modelo de features para jogos sérios voltados à saúde: uma abordagem baseada em linha de produtos de software
wer201410,2014,3,Danielle Rousy,Danielle Rousy,Um modelo de features para jogos sérios voltados à saúde: uma abordagem baseada em linha de produtos de software
wer201411,2014,1,Rafael Duarte,Rafael Duarte,Uma Abordagem Colaborativa de Modelagem Conceitual de Informação utilizando Mind Maps
wer201411,2014,2,José Júnior,José Júnior,Uma Abordagem Colaborativa de Modelagem Conceitual de Informação utilizando Mind Maps
wer201411,2014,3,Ruben Araújo,Ruben Araújo,Uma Abordagem Colaborativa de Modelagem Conceitual de Informação utilizando Mind Maps
wer201411,2014,4,Fernando Wanderley,Fernando Wanderley,Uma Abordagem Colaborativa de Modelagem Conceitual de Informação utilizando Mind Maps
wer201411,2014,5,Maria Lencastre,Maria Lencastre,Uma Abordagem Colaborativa de Modelagem Conceitual de Informação utilizando Mind Maps
wer201412,2014,1,Cynara Lira de Carvalho Souza,Cynara Lira de Carvalho Souza,Uso Do Design Thinking Na Elicitação De Requisitos De Ambientes Virtuais De Aprendizagem Móvel
wer201412,2014,2,Carla Silva,Carla Silva,Uso Do Design Thinking Na Elicitação De Requisitos De Ambientes Virtuais De Aprendizagem Móvel
wer201501,2015,1,Leandro Antonelli,Leandro Antonelli,A Collaborative Approach to Capture the Domain Language
wer201501,2015,2,Gustavo Rossi,Gustavo Rossi,A Collaborative Approach to Capture the Domain Language
wer201501,2015,3,Alejandro Oliveros,Alejandro Oliveros,A Collaborative Approach to Capture the Domain Language
wer201502,2015,1,Cristiane Aparecida Lana,Cristiane Aparecida Lana,Extração de requisitos apoiada por técnicas de Inteligência Artificial embutidas em ferramentas de apoio
wer201502,2015,2,Lucas Gonçalves Cunha,Lucas Gonçalves Cunha,Extração de requisitos apoiada por técnicas de Inteligência Artificial embutidas em ferramentas de apoio
wer201502,2015,3,José Luis Braga,José Luis Braga,Extração de requisitos apoiada por técnicas de Inteligência Artificial embutidas em ferramentas de apoio
wer201502,2015,4,Antônio de Pádua Albuquerque Oliveira,Antonio de Padua Albuquerque Oliveira,Extração de requisitos apoiada por técnicas de Inteligência Artificial embutidas em ferramentas de apoio
wer201503,2015,1,Juan Pablo Carvallo,Juan Pablo Carvallo,Improving Quality Model Construction Through Knowledge Reuse
wer201503,2015,2,Xavier Franch,Xavier Franch,Improving Quality Model Construction Through Knowledge Reuse
wer201503,2015,3,Carme Quer,Carme Quer,Improving Quality Model Construction Through Knowledge Reuse
wer201504,2015,1,Rafael Pinto,Rafael Pinto,Criatividade Combinacional para Geração de Requisitos Inovadores: Um Relato de Experiência
wer201504,2015,2,Lyrene Silva,Lyrene Fernandes da Silva,Criatividade Combinacional para Geração de Requisitos Inovadores: Um Relato de Experiência
wer201504,2015,3,Marcia Lucena,Marcia Lucena,Criatividade Combinacional para Geração de Requisitos Inovadores: Um Relato de Experiência
wer201504,2015,4,Ilueny Santos,Ilueny Santos,Criatividade Combinacional para Geração de Requisitos Inovadores: Um Relato de Experiência
wer201505,2015,1,Alejandro Oliveros,Alejandro Oliveros,Fuentes y técnicas para elicitación de requerimientos. Un estudio de evolución de la práctica
wer201505,2015,2,Leandro Antonelli,Leandro Antonelli,Fuentes y técnicas para elicitación de requerimientos. Un estudio de evolución de la práctica
wer201506,2015,1,Cecilia Hinojosa,Cecilia Hinojosa,La Gestión del Conocimiento Aplicada en la Ingeniería de Requisitos: Un Caso de Estudio en Ecuador
wer201506,2015,2,Geovanny Raura,Geovanny Raura,La Gestión del Conocimiento Aplicada en la Ingeniería de Requisitos: Un Caso de Estudio en Ecuador
wer201506,2015,3,Efrain R. Fonseca C,Efrain R. Fonseca C,La Gestión del Conocimiento Aplicada en la Ingeniería de Requisitos: Un Caso de Estudio en Ecuador
wer201506,2015,4,Oscar Dieste,Oscar Dieste,La Gestión del Conocimiento Aplicada en la Ingeniería de Requisitos: Un Caso de Estudio en Ecuador
wer201507,2015,1,Aêda Sousa,Aêda Sousa,Elicitação e Especificação de Requisitos em Sistemas Embarcados: Uma Revisão Sistemática
wer201507,2015,2,Josenildo Melo,Josenildo Melo,Elicitação e Especificação de Requisitos em Sistemas Embarcados: Uma Revisão Sistemática
wer201507,2015,3,Fernanda Alencar,Fernanda Alencar,Elicitação e Especificação de Requisitos em Sistemas Embarcados: Uma Revisão Sistemática
wer201507,2015,4,Celso Agra,Celso Agra,Elicitação e Especificação de Requisitos em Sistemas Embarcados: Uma Revisão Sistemática
wer201508,2015,1,Mariana Maia Peixoto,Mariana Peixoto,Requisitos para Softwares Educacionais Gamificados: Uma Revisão Sistemática de Literatura
wer201508,2015,2,Carla Silva,Carla Silva,Requisitos para Softwares Educacionais Gamificados: Uma Revisão Sistemática de Literatura
wer201509,2015,1,Leonardo Pereira Merlin,Leonardo Pereira Merlin,Integrating the E4J editor to the JGOOSE tool
wer201509,2015,2,Alexandre Luiz de Borba Silva,Alexandre Luiz de Borba Silva,Integrating the E4J editor to the JGOOSE tool
wer201509,2015,3,Victor Francisco Araya Santander,Victor Francisco Araya Santander,Integrating the E4J editor to the JGOOSE tool
wer201509,2015,4,Ivonei Freitas Da Silva,Ivonei Freitas da Silva,Integrating the E4J editor to the JGOOSE tool
wer201509,2015,5,Jaelson Castro,Jaelson Castro,Integrating the E4J editor to the JGOOSE tool
wer201510,2015,1,Orlando Oliveira,Orlando Oliveira,Modeling SOA from Organizational Models
wer201510,2015,2,Carla Silva,Carla Silva,Modeling SOA from Organizational Models
wer201511,2015,1,Jéssyka Vilela,Jéssyka Vilela,On the behaviour of context-sensitive systems
wer201511,2015,2,Jaelson Castro,Jaelson Castro,On the behaviour of context-sensitive systems
wer201511,2015,3,João Pimentel,João Pimentel,On the behaviour of context-sensitive systems
wer201511,2015,4,Paulo Lima,Paulo Lima,On the behaviour of context-sensitive systems
wer201512,2015,1,Ricardo André Cavalcante de Souza,Ricardo André Cavalcante de Souza,A Heuristic Approach for Supporting Innovation in Requirements Engineering
wer201512,2015,2,Gilberto Amado de Azevedo Cysneiros Filho,Gilberto Amado de Azevedo Cysneiros Filho,A Heuristic Approach for Supporting Innovation in Requirements Engineering
wer201512,2015,3,Glauber Henrique Camelo Batista,Glauber Henrique Camelo Batista,A Heuristic Approach for Supporting Innovation in Requirements Engineering
wer201513,2015,1,Tarcísio Pereira,Tarcísio Pereira,Apoio a Configuração de Processos de Negócio Dinâmicos
wer201513,2015,2,Fernanda Alencar,Fernanda Alencar,Apoio a Configuração de Processos de Negócio Dinâmicos
wer201513,2015,3,Jaelson Castro,Jaelson Castro,Apoio a Configuração de Processos de Negócio Dinâmicos
wer201513,2015,4,Edson Alves,Edson Alves,Apoio a Configuração de Processos de Negócio Dinâmicos
wer201513,2015,5,Paulo Lima,Paulo Lima,Apoio a Configuração de Processos de Negócio Dinâmicos
wer201514,2015,1,Priscila Engiel,Priscila Engiel,Um processo colaborativo para a construção de léxicos: o caso da divulgação de transparência
wer201514,2015,2,Joanna Pivatelli,Joanna Pivatelli,Um processo colaborativo para a construção de léxicos: o caso da divulgação de transparência
wer201514,2015,3,Pedro Nuno,Pedro Nuno,Um processo colaborativo para a construção de léxicos: o caso da divulgação de transparência
wer201514,2015,4,Roxana Portugal,Roxana Portugal,Um processo colaborativo para a construção de léxicos: o caso da divulgação de transparência
wer201514,2015,5,Julio Cesar Sampaio do Prado Leite,Julio Cesar Sampaio do Prado Leite,Um processo colaborativo para a construção de léxicos: o caso da divulgação de transparência
wer201515,2015,1,Isabel Sofia Brito,Isabel Sofia Brito,Trends and Needs in Requirements Engineering Research in Ibero-America
wer201515,2015,2,Jose Luis de la Vara,Jose Luis De la Vara González,Trends and Needs in Requirements Engineering Research in Ibero-America
wer201601,2016,1,Paulo Lima,Paulo Lima,Scalability of istar: a Systematic Mapping Study
wer201601,2016,2,Jéssyka Vilela,Jéssyka Vilela,Scalability of istar: a Systematic Mapping Study
wer201601,2016,3,Enyo Gonçalves,Enyo Gonçalves,Scalability of istar: a Systematic Mapping Study
wer201601,2016,4,João Pimentel,João Pimentel,Scalability of istar: a Systematic Mapping Study
wer201601,2016,5,Ana Holanda,Ana Holanda,Scalability of istar: a Systematic Mapping Study
wer201601,2016,6,Jaelson Castro,Jaelson Castro,Scalability of istar: a Systematic Mapping Study
wer201601,2016,7,Fernanda Alencar,Fernanda Alencar,Scalability of istar: a Systematic Mapping Study
wer201601,2016,8,Maria Lencastre,Maria Lencastre,Scalability of istar: a Systematic Mapping Study
wer201602,2016,1,Celso Sá Filho,Celso Sá Filho,"Transformação do modelo i* em user stories: uma abordagem para documentação ágil baseada nas razões, intenções e NFR"
wer201602,2016,2,Denise Assis,Denise Assis,"Transformação do modelo i* em user stories: uma abordagem para documentação ágil baseada nas razões, intenções e NFR"
wer201602,2016,3,Aêda Sousa,Aêda Sousa,"Transformação do modelo i* em user stories: uma abordagem para documentação ágil baseada nas razões, intenções e NFR"
wer201602,2016,4,Aline Jaqueira,Aline Jaqueira,"Transformação do modelo i* em user stories: uma abordagem para documentação ágil baseada nas razões, intenções e NFR"
wer201602,2016,5,Marcia Lucena,Marcia Lucena,"Transformação do modelo i* em user stories: uma abordagem para documentação ágil baseada nas razões, intenções e NFR"
wer201602,2016,6,Teresa Maciel,Teresa Maciel,"Transformação do modelo i* em user stories: uma abordagem para documentação ágil baseada nas razões, intenções e NFR"
wer201602,2016,7,Fernanda Alencar,Fernanda Alencar,"Transformação do modelo i* em user stories: uma abordagem para documentação ágil baseada nas razões, intenções e NFR"
wer201603,2016,1,Jéssyka Vilela,Jéssyka Vilela,An empirical study on the use of context annotations and flow expressions to specify the behavior of context- sensitive systems
wer201603,2016,2,Jaelson Castro,Jaelson Castro,An empirical study on the use of context annotations and flow expressions to specify the behavior of context- sensitive systems
wer201603,2016,3,João Pimentel,João Pimentel,An empirical study on the use of context annotations and flow expressions to specify the behavior of context- sensitive systems
wer201603,2016,4,Enyo Gonçalves,Enyo Gonçalves,An empirical study on the use of context annotations and flow expressions to specify the behavior of context- sensitive systems
wer201604,2016,1,Heyde Francielle do Carmo França,Heyde Francielle do Carmo França,Uma solução baseada em ontologia para o tratamento de erros em modelos construídos na linguagem i*
wer201604,2016,2,Renato de Freitas Bulcão Neto,Renato F. Bulcão-Neto,Uma solução baseada em ontologia para o tratamento de erros em modelos construídos na linguagem i*
wer201605,2016,1,Flavia Belintani Blum Haddad,Flavia Belintani Blum Haddad,Avaliação do Processo de Engenharia de Requisitos em Empresas de Desenvolvimento de Software
wer201605,2016,2,Elias Canhadas Genvigir,Elias Canhadas Genvigir,Avaliação do Processo de Engenharia de Requisitos em Empresas de Desenvolvimento de Software
wer201605,2016,3,Jose Augusto Fabri,Jose Augusto Fabri,Avaliação do Processo de Engenharia de Requisitos em Empresas de Desenvolvimento de Software
wer201605,2016,4,Alexandre Lerário,Alexandre Lerário,Avaliação do Processo de Engenharia de Requisitos em Empresas de Desenvolvimento de Software
wer201606,2016,1,Roberto Azevedo,Roberto Azevedo,Melhoria de Documentos de Requisitos: um Mapeamento Sistemático da Literatura
wer201606,2016,2,Aêda Sousa,Aêda Sousa,Melhoria de Documentos de Requisitos: um Mapeamento Sistemático da Literatura
wer201606,2016,3,Ricardo Ramos,Ricardo Ramos,Melhoria de Documentos de Requisitos: um Mapeamento Sistemático da Literatura
wer201606,2016,4,Fernanda Alencar,Fernanda Alencar,Melhoria de Documentos de Requisitos: um Mapeamento Sistemático da Literatura
wer201607,2016,1,Jose Luis de La Vara,Jose Luis De la Vara González,Trends and Needs in Requirements Engineering Research in Ibero-America: Insights from a Panel
wer201607,2016,2,Isabel Sofia Brito,Isabel Sofia Brito,Trends and Needs in Requirements Engineering Research in Ibero-America: Insights from a Panel
wer201607,2016,3,Nelly Condori-Fernández,Nelly Condori-Fernández,Trends and Needs in Requirements Engineering Research in Ibero-America: Insights from a Panel
wer201607,2016,4,João Araújo,João Araújo,Trends and Needs in Requirements Engineering Research in Ibero-America: Insights from a Panel
wer201608,2016,1,Alex Armijos Roblero,Alex Armijos Roblero,Calidad en la inspección de requerimientos de software: una propuesta de medición
wer201608,2016,2,Carlos Monsalve,Carlos Monsalve,Calidad en la inspección de requerimientos de software: una propuesta de medición
wer201608,2016,3,Ruben H. Ullón,Ruben H. Ullón,Calidad en la inspección de requerimientos de software: una propuesta de medición
wer201608,2016,4,Ricardo D. Maya,Ricardo D. Maya,Calidad en la inspección de requerimientos de software: una propuesta de medición
wer201608,2016,5,José A. Romero,José A. Romero,Calidad en la inspección de requerimientos de software: una propuesta de medición
wer201609,2016,1,Luiz Gustavo Ferreira Aguiar,Luiz Gustavo Ferreira Aguiar,Um modelo para tratamento de ambiguidades em requisitos de evolução de sistemas jurídicos baseado em mapeamento conceitual
wer201609,2016,2,Rebeca Teodoro Da Silva,Rebeca Teodoro Da Silva,Um modelo para tratamento de ambiguidades em requisitos de evolução de sistemas jurídicos baseado em mapeamento conceitual
wer201609,2016,3,Elias Canhadas Genvigir,Elias Canhadas Genvigir,Um modelo para tratamento de ambiguidades em requisitos de evolução de sistemas jurídicos baseado em mapeamento conceitual
wer201609,2016,4,Jose Augusto Fabri,Jose Augusto Fabri,Um modelo para tratamento de ambiguidades em requisitos de evolução de sistemas jurídicos baseado em mapeamento conceitual
wer201609,2016,5,Alexandre Lerario,Alexandre Lerário,Um modelo para tratamento de ambiguidades em requisitos de evolução de sistemas jurídicos baseado em mapeamento conceitual
wer201610,2016,1,Juan Pablo Mighetti,Juan Pablo Mighetti,Uso de un Léxico y Escenarios para Mitigar Amenazas a Requisitos en el Desarrollo Global de Software
wer201610,2016,2,Graciela D. S. Hadad,Graciela D.S. Hadad,Uso de un Léxico y Escenarios para Mitigar Amenazas a Requisitos en el Desarrollo Global de Software
wer201611,2016,1,Renata Guizzardi,Renata Guizzardi,Towards a Requirements Engineering Process for Innovative Software: Learning with the ConecteIdeias Case
wer201611,2016,2,Marcos Accioly,Marcos Accioly,Towards a Requirements Engineering Process for Innovative Software: Learning with the ConecteIdeias Case
wer201611,2016,3,Letícia Fonseca,Letícia Fonseca,Towards a Requirements Engineering Process for Innovative Software: Learning with the ConecteIdeias Case
wer201611,2016,4,Roberta Gomes,Roberta Gomes,Towards a Requirements Engineering Process for Innovative Software: Learning with the ConecteIdeias Case
wer201611,2016,5,Miriam Pinto,Miriam Pinto,Towards a Requirements Engineering Process for Innovative Software: Learning with the ConecteIdeias Case
wer201612,2016,1,Leonardo Barcelos,Leonardo Barcelos,A Especificação de Requisitos no Domínio de Sistemas de Informação com o Uso de Padrões
wer201612,2016,2,Rosângela Penteado,Rosangela Penteado,A Especificação de Requisitos no Domínio de Sistemas de Informação com o Uso de Padrões
wer201613,2016,1,Roberto Avila Paldes,Roberto Avila Paldês,A utilização da linguagem natural na especificação de requisitos: um estudo por meio das equações estruturais
wer201613,2016,2,Angelica Toffano Seidel Calazans,Angelica Toffano Seidel Calazans,A utilização da linguagem natural na especificação de requisitos: um estudo por meio das equações estruturais
wer201613,2016,3,Ari Melo Mariano,Ari Melo Mariano,A utilização da linguagem natural na especificação de requisitos: um estudo por meio das equações estruturais
wer201613,2016,4,Eduardo José Ribeiro Castro,Eduardo José Ribeiro Castro,A utilização da linguagem natural na especificação de requisitos: um estudo por meio das equações estruturais
wer201613,2016,5,Bruno De Souza Silva,Bruno De Souza Silva,A utilização da linguagem natural na especificação de requisitos: um estudo por meio das equações estruturais
wer201701,2017,1,Luis H. Garcia Paucar,Luis H. Garcia Paucar,"A Survey on Preferences of Quality Attributes in the Decision-making for Self-Adaptive Systems: the Bad, the Good and the Ugly"
wer201701,2017,2,Nelly Bencomo,Nelly Bencomo,"A Survey on Preferences of Quality Attributes in the Decision-making for Self-Adaptive Systems: the Bad, the Good and the Ugly"
wer201702,2017,1,Ilueny Santos,Ilueny Santos,Rastreamento e Gerenciamento de Requisitos em Busca da Conformidade Legal
wer201702,2017,2,Erica Miranda,Erica Miranda,Rastreamento e Gerenciamento de Requisitos em Busca da Conformidade Legal
wer201702,2017,3,Marcia Lucena,Marcia Lucena,Rastreamento e Gerenciamento de Requisitos em Busca da Conformidade Legal
wer201703,2017,1,Danyllo Albuquerque,Danyllo Albuquerque,Requirements Engineering for Robotic System: A Systematic Mapping Study
wer201703,2017,2,Jaelson Castro,Jaelson Castro,Requirements Engineering for Robotic System: A Systematic Mapping Study
wer201703,2017,3,Sarah Ribeiro,Sarah Ribeiro,Requirements Engineering for Robotic System: A Systematic Mapping Study
wer201703,2017,4,Tiago Heineck,Tiago Heineck,Requirements Engineering for Robotic System: A Systematic Mapping Study
wer201704,2017,1,Vinícius Dias Paldês,Vinícius Dias Paldês,A qualificação profissional do Engenheiro de Requisitos no Brasil
wer201704,2017,2,Janaína dos Reis Lopes,Janaína dos Reis Lopes,A qualificação profissional do Engenheiro de Requisitos no Brasil
wer201704,2017,3,André Luiz Coelho da Silva,André Luiz Coelho da Silva,A qualificação profissional do Engenheiro de Requisitos no Brasil
wer201704,2017,4,Roberto Avila Paldês,Roberto Avila Paldês,A qualificação profissional do Engenheiro de Requisitos no Brasil
wer201704,2017,5,Angélica Toffano Seidel Calazans,Angelica Toffano Seidel Calazans,A qualificação profissional do Engenheiro de Requisitos no Brasil
wer201705,2017,1,Angélica Toffano Seidel Calazans,Angelica Toffano Seidel Calazans,O perfil do analista de requisitos de software: uma comparação entre a academia e o mercado de trabalho brasileiro
wer201705,2017,2,Roberto Avila Paldês,Roberto Avila Paldês,O perfil do analista de requisitos de software: uma comparação entre a academia e o mercado de trabalho brasileiro
wer201705,2017,3,Emeli Braosi,Emeli Braosi,O perfil do analista de requisitos de software: uma comparação entre a academia e o mercado de trabalho brasileiro
wer201705,2017,4,Kiane Mabel Rezende,Kiane Mabel Rezende,O perfil do analista de requisitos de software: uma comparação entre a academia e o mercado de trabalho brasileiro
wer201705,2017,5,Nathácia Indayara Pereira,Nathácia Indayara Pereira,O perfil do analista de requisitos de software: uma comparação entre a academia e o mercado de trabalho brasileiro
wer201706,2017,1,Stefan Wagner,Stefan Wagner,Requirements Engineering Practice and Problems in Agile Projects: Results from an International Survey
wer201706,2017,2,Daniel Méndez Fernández,Daniel Méndez Fernández,Requirements Engineering Practice and Problems in Agile Projects: Results from an International Survey
wer201706,2017,3,Michael Felderer,Michael Felderer,Requirements Engineering Practice and Problems in Agile Projects: Results from an International Survey
wer201706,2017,4,Marcos Kalinowski,Marcos Kalinowski,Requirements Engineering Practice and Problems in Agile Projects: Results from an International Survey
wer201707,2017,1,Tarcísio Pereira,Tarcísio Pereira,Retrospective and Trends in Requirements Engineering for Embedded Systems: A Systematic Literature Review
wer201707,2017,2,Deivson Albuquerque,Deivson Albuquerque,Retrospective and Trends in Requirements Engineering for Embedded Systems: A Systematic Literature Review
wer201707,2017,3,Aêda Sousa,Aêda Sousa,Retrospective and Trends in Requirements Engineering for Embedded Systems: A Systematic Literature Review
wer201707,2017,4,Fernanda Alencar,Fernanda Alencar,Retrospective and Trends in Requirements Engineering for Embedded Systems: A Systematic Literature Review
wer201707,2017,5,Jaelson Castro,Jaelson Castro,Retrospective and Trends in Requirements Engineering for Embedded Systems: A Systematic Literature Review
wer201708,2017,1,Gladys N. Kaplan,Gladys N. Kaplan,Jerarquías Naturales en el Contexto del Proceso de Requisitos
wer201708,2017,2,Jorge H. Doorn,Jorge Doorn,Jerarquías Naturales en el Contexto del Proceso de Requisitos
wer201709,2017,1,Leandro Antonelli,Leandro Antonelli,Limiting the Scope of the Domain Language to Describe the Application Language
wer201709,2017,2,Gustavo Rossi,Gustavo Rossi,Limiting the Scope of the Domain Language to Describe the Application Language
wer201709,2017,3,Julio Cesar Sampaio do Prado Leite,Julio Cesar Sampaio do Prado Leite,Limiting the Scope of the Domain Language to Describe the Application Language
wer201709,2017,4,Alejandro Oliveros,Alejandro Oliveros,Limiting the Scope of the Domain Language to Describe the Application Language
wer201710,2017,1,Pedro Pignaton Negri,Pedro Pignaton Negri,Towards an Ontology of Goal-Oriented Requirements
wer201710,2017,2,Vítor E. Silva Souza,Vítor E. Silva Souza,Towards an Ontology of Goal-Oriented Requirements
wer201710,2017,3,André Luiz de Castro Leal,André Luiz de Castro Leal,Towards an Ontology of Goal-Oriented Requirements
wer201710,2017,4,Ricardo de Almeida Falbo,Ricardo de Almeida Falbo,Towards an Ontology of Goal-Oriented Requirements
wer201710,2017,5,Giancarlo Guizzardi,Giancarlo Guizzardi,Towards an Ontology of Goal-Oriented Requirements
wer201711,2017,1,Denize Pimenta,Denize Pimenta,Usando KIPO para Modelar Problemas e Socialização na Elicitação de Requisitos
wer201711,2017,2,Fernanda Baião,Fernanda Baião,Usando KIPO para Modelar Problemas e Socialização na Elicitação de Requisitos
wer201711,2017,3,Gleison Santos,Gleison Santos,Usando KIPO para Modelar Problemas e Socialização na Elicitação de Requisitos
wer201712,2017,1,Alberto Sebastián,Alberto Sebastián,Inspección centrada en Omisiones y Ambigüedades de un Modelo Léxico
wer201712,2017,2,Graciela D. S. Hadad,Graciela D.S. Hadad,Inspección centrada en Omisiones y Ambigüedades de un Modelo Léxico
wer201712,2017,3,Ezequiel Robledo,Ezequiel Robledo,Inspección centrada en Omisiones y Ambigüedades de un Modelo Léxico
wer201713,2017,1,Fabio Penha,Fabio Penha,Uma Notação Textual Modular e Escalável para Modelos de Requisitos iStar
wer201713,2017,2,Marcia Lucena,Marcia Lucena,Uma Notação Textual Modular e Escalável para Modelos de Requisitos iStar
wer201713,2017,3,Leonardo Lucena,Leonardo Lucena,Uma Notação Textual Modular e Escalável para Modelos de Requisitos iStar
wer201713,2017,4,Fernanda Alencar,Fernanda Alencar,Uma Notação Textual Modular e Escalável para Modelos de Requisitos iStar
wer201713,2017,5,Celso Agra,Celso Agra,Uma Notação Textual Modular e Escalável para Modelos de Requisitos iStar
wer201714,2017,1,Brian Caimmi,Brian Caimmi,Un Enfoque Inteligente para Derivar Use Case Maps a partir de Requerimientos de Software
wer201714,2017,2,Guillermo Rodriguez,Guillermo Rodriguez,Un Enfoque Inteligente para Derivar Use Case Maps a partir de Requerimientos de Software
wer201714,2017,3,Álvaro Soria,Álvaro Soria,Un Enfoque Inteligente para Derivar Use Case Maps a partir de Requerimientos de Software
wer201801,2018,1,Fernanda T. Novo,Fernanda T. Novo,Modelando Requisitos de um Jogo Educacional Médico usando a Metodología INGENIAS SCRUM
wer201801,2018,2,Vanessa M. da Silva,Vanessa M. da Silva,Modelando Requisitos de um Jogo Educacional Médico usando a Metodología INGENIAS SCRUM
wer201801,2018,3,Bruno G. Ochotorena,Bruno G. Ochotorena,Modelando Requisitos de um Jogo Educacional Médico usando a Metodología INGENIAS SCRUM
wer201801,2018,4,Lucas D’amaral Pires,Lucas D’amaral Pires,Modelando Requisitos de um Jogo Educacional Médico usando a Metodología INGENIAS SCRUM
wer201801,2018,5,Bruna Costa Cons,Bruna Costa Cons,Modelando Requisitos de um Jogo Educacional Médico usando a Metodología INGENIAS SCRUM
wer201801,2018,6,Rosa Maria E. M. da Costa,Rosa Maria E. M. da Costa,Modelando Requisitos de um Jogo Educacional Médico usando a Metodología INGENIAS SCRUM
wer201801,2018,7,Vera M.B. Werneck,Vera Maria Benjamim Werneck,Modelando Requisitos de um Jogo Educacional Médico usando a Metodología INGENIAS SCRUM
wer201802,2018,1,Kleoson B. C. Santos,Kleoson B. C. Santos,Um Estudo de Caso de Aplicação de um Método Ágil para Desenvolvimento de Requisitos de Software: O REACT
wer201802,2018,2,Sandro R. B. Oliveira,Sandro R. B. Oliveira,Um Estudo de Caso de Aplicação de um Método Ágil para Desenvolvimento de Requisitos de Software: O REACT
wer201803,2018,1,Amora Sukar,Amora Sukar,Configuração de Processos de Negócio em Organizações Públicas Considerando Informações de Contexto e Requisitos Não-Funcionais
wer201803,2018,2,Fernanda Alencar,Fernanda Alencar,Configuração de Processos de Negócio em Organizações Públicas Considerando Informações de Contexto e Requisitos Não-Funcionais
wer201803,2018,3,Higor Monteiro,Higor Monteiro,Configuração de Processos de Negócio em Organizações Públicas Considerando Informações de Contexto e Requisitos Não-Funcionais
wer201803,2018,4,Tarcísio Pereira,Tarcísio Pereira,Configuração de Processos de Negócio em Organizações Públicas Considerando Informações de Contexto e Requisitos Não-Funcionais
wer201804,2018,1,Viviana A. Ledesma,Viviana A. Ledesma,Estimación de los Factores Situacionales del Proceso de Requisitos
wer201804,2018,2,Graciela D. Hadad,Graciela D.S. Hadad,Estimación de los Factores Situacionales del Proceso de Requisitos
wer201804,2018,3,Jorge H. Doorn,Jorge Doorn,Estimación de los Factores Situacionales del Proceso de Requisitos
wer201804,2018,4,Nicolás A. Bedetti,Nicolás A. Bedetti,Estimación de los Factores Situacionales del Proceso de Requisitos
wer201805,2018,1,Kádna Camboim,Kádna Camboim,Requisitos não Funcionais e Sustentabilidade para Computação em Nuvem: uma Revisão Sistemática da Literatura
wer201805,2018,2,Fernanda Alencar,Fernanda Alencar,Requisitos não Funcionais e Sustentabilidade para Computação em Nuvem: uma Revisão Sistemática da Literatura
wer201806,2018,1,Danyllo Albuquerque,Danyllo Albuquerque,A Requirements Definition Framework for the Robotic Systems Domain - An Exploratory Study
wer201806,2018,2,Jaelson Castro,Jaelson Castro,A Requirements Definition Framework for the Robotic Systems Domain - An Exploratory Study
wer201806,2018,3,Aeda Sousa,Aêda Sousa,A Requirements Definition Framework for the Robotic Systems Domain - An Exploratory Study
wer201807,2018,1,Cássio Capucho Peçanha,Cássio Capucho Peçanha,RASO: an Ontology on Requirements for the Development of Adaptive Systems
wer201807,2018,2,Bruno Borlini Duarte,Bruno Borlini Duarte,RASO: an Ontology on Requirements for the Development of Adaptive Systems
wer201807,2018,3,Vítor E. Silva Souza,Vítor E. Silva Souza,RASO: an Ontology on Requirements for the Development of Adaptive Systems
wer201808,2018,1,Tarcísio Pereira,Tarcísio Pereira,Requirements Engineering for Embedded Systems: The REPES Process
wer201808,2018,2,Fernanda Alencar,Fernanda Alencar,Requirements Engineering for Embedded Systems: The REPES Process
wer201808,2018,3,Jaelson Castro,Jaelson Castro,Requirements Engineering for Embedded Systems: The REPES Process
wer201809,2018,1,Jean C. S. Rosa,Jean C. S. Rosa,Experimentando o SPIDe aplicado à Elicitação de Requisitos
wer201809,2018,2,Ecivaldo Matos,Ecivaldo Matos,Experimentando o SPIDe aplicado à Elicitação de Requisitos
wer201809,2018,3,Fiama S. Santos,Fiama S. Santos,Experimentando o SPIDe aplicado à Elicitação de Requisitos
wer201809,2018,4,Gilton J. F. Silva,Gilton J. F. Silva,Experimentando o SPIDe aplicado à Elicitação de Requisitos
wer201810,2018,1,Lauriane Correa,Lauriane Correa,O Uso de Design Thinking no Apoio ao Desenvolvimento de Software: Um Estudo de Caso no Contexto de Academias de Musculação
wer201810,2018,2,Daniel Maria,Daniel Maria,O Uso de Design Thinking no Apoio ao Desenvolvimento de Software: Um Estudo de Caso no Contexto de Academias de Musculação
wer201810,2018,3,Jean Carlos Bellio,Jean Carlos Bellio,O Uso de Design Thinking no Apoio ao Desenvolvimento de Software: Um Estudo de Caso no Contexto de Academias de Musculação
wer201810,2018,4,Sabrina Marczak,Sabrina Marczak,O Uso de Design Thinking no Apoio ao Desenvolvimento de Software: Um Estudo de Caso no Contexto de Academias de Musculação
wer201810,2018,5,Tayana Conte,Tayana Conte,O Uso de Design Thinking no Apoio ao Desenvolvimento de Software: Um Estudo de Caso no Contexto de Academias de Musculação
wer201811,2018,1,Rafael Nascimento,Rafael Nascimento,Requirements Smells como indicadores de má qualidade na especificação de requisitos: Um Mapeamento Sistemático da Literatura
wer201811,2018,2,Eduardo Aranha,Eduardo Aranha,Requirements Smells como indicadores de má qualidade na especificação de requisitos: Um Mapeamento Sistemático da Literatura
wer201811,2018,3,Uirá Kulesza,Uirá Kulesza,Requirements Smells como indicadores de má qualidade na especificação de requisitos: Um Mapeamento Sistemático da Literatura
wer201811,2018,4,Marcia Lucena,Marcia Lucena,Requirements Smells como indicadores de má qualidade na especificação de requisitos: Um Mapeamento Sistemático da Literatura
wer201812,2018,1,Enyo Gonçalves,Enyo Gonçalves,A Catalogue of iStar Extensions
wer201812,2018,2,Tiago Heineck,Tiago Heineck,A Catalogue of iStar Extensions
wer201812,2018,3,João Araújo,João Araújo,A Catalogue of iStar Extensions
wer201812,2018,4,Jaelson Castro,Jaelson Castro,A Catalogue of iStar Extensions
wer201813,2018,1,Timóteo Gomes,Timóteo Gomes,De KAOS para SysML na Modelagem de Sistemas Embarcados: Uma Revisão da Literatura
wer201813,2018,2,Fernanda Alencar,Fernanda Alencar,De KAOS para SysML na Modelagem de Sistemas Embarcados: Uma Revisão da Literatura
wer201813,2018,3,Aêda Sousa,Aêda Sousa,De KAOS para SysML na Modelagem de Sistemas Embarcados: Uma Revisão da Literatura
wer201814,2018,1,Simone da Silva Amorim,Simone da Silva Amorim,Tailoring the NFR Framework for Measuring Software Ecosystems Health
wer201814,2018,2,Sandro Santos Andrade,Sandro Santos Andrade,Tailoring the NFR Framework for Measuring Software Ecosystems Health
wer201814,2018,3,John D. Mcgregor,John D. Mcgregor,Tailoring the NFR Framework for Measuring Software Ecosystems Health
wer201814,2018,4,Eduardo Santana de Almeida,Eduardo Santana de Almeida,Tailoring the NFR Framework for Measuring Software Ecosystems Health
wer201814,2018,5,Christina von Flach G. Chavez,Christina von Flach G. Chavez,Tailoring the NFR Framework for Measuring Software Ecosystems Health
wer201815,2018,1,Cinthya Cavalcanti,Cinthya Cavalcanti,Mechanisms to Support Requirements Prioritization: A Systematic Mapping Review
wer201815,2018,2,Maria Lencastre,Maria Lencastre,Mechanisms to Support Requirements Prioritization: A Systematic Mapping Review
wer201815,2018,3,Roberta Fagundes,Roberta Andrade de A. Fagundes,Mechanisms to Support Requirements Prioritization: A Systematic Mapping Review
wer201815,2018,4,Taina Santos,Taina Santos,Mechanisms to Support Requirements Prioritization: A Systematic Mapping Review
wer201815,2018,5,Daniel Ferreira,Daniel Ferreira,Mechanisms to Support Requirements Prioritization: A Systematic Mapping Review
wer201816,2018,1,Gustavo Silva,Gustavo Silva,Priorização de Requisitos em Startups no Armazém da Criatividade (Porto Digital): Resultados Preliminares
wer201816,2018,2,Wylliams Santos,Wylliams Barbosa Santos,Priorização de Requisitos em Startups no Armazém da Criatividade (Porto Digital): Resultados Preliminares
wer201816,2018,3,Maria Lencastre,Maria Lencastre,Priorização de Requisitos em Startups no Armazém da Criatividade (Porto Digital): Resultados Preliminares
wer201817,2018,1,Angélica Toffano S. Calazans,Angelica Toffano Seidel Calazans,Requisitos de Qualidade de Usabilidade: análise da utilização em sistemas de uma instituição financeira
wer201817,2018,2,Eloisa Toffano S. Masson,Eloisa Toffano S. Masson,Requisitos de Qualidade de Usabilidade: análise da utilização em sistemas de uma instituição financeira
wer201817,2018,3,Roberto A. Paldês,Roberto Avila Paldês,Requisitos de Qualidade de Usabilidade: análise da utilização em sistemas de uma instituição financeira
wer201817,2018,4,Fernando de A. Guimarães,Fernando de A. Guimarães,Requisitos de Qualidade de Usabilidade: análise da utilização em sistemas de uma instituição financeira
wer201817,2018,5,Kiane M. Rezende,Kiane Mabel Rezende,Requisitos de Qualidade de Usabilidade: análise da utilização em sistemas de uma instituição financeira
wer201817,2018,6,Ricardo Ajax. D. Kosloski,Ricardo Ajax. D. Kosloski,Requisitos de Qualidade de Usabilidade: análise da utilização em sistemas de uma instituição financeira
wer201818,2018,1,Enyo Gonçalves,Enyo Gonçalves,Apresentando o PRISE:um processo para conduzir as extensões do iStar
wer201818,2018,2,Jaelson Castro,Jaelson Castro,Apresentando o PRISE:um processo para conduzir as extensões do iStar
wer201818,2018,3,João Araújo,João Araújo,Apresentando o PRISE:um processo para conduzir as extensões do iStar
wer201819,2018,1,Natalya Goelzer,Natalya Goelzer,Engenharia de Requisitos Aplicada na Prática em Empresa Júnior
wer201819,2018,2,Herberth Reinstein,Herberth Reinstein,Engenharia de Requisitos Aplicada na Prática em Empresa Júnior
wer201819,2018,3,Rafael Parizi,Rafael Parizi,Engenharia de Requisitos Aplicada na Prática em Empresa Júnior
wer201820,2018,1,Roxana L. Q. Portugal,Roxana Portugal,Possíveis Limites do Mapeamento Sistemático: Uma Visão de Pesquisadores em Engenharia de Requisitos
wer201820,2018,2,Ana Maria da Mota Moura,Ana Maria da Mota Moura,Possíveis Limites do Mapeamento Sistemático: Uma Visão de Pesquisadores em Engenharia de Requisitos
wer201820,2018,3,Romeu F. de Oliveira,Romeu Ferreira de Oliveira,Possíveis Limites do Mapeamento Sistemático: Uma Visão de Pesquisadores em Engenharia de Requisitos
wer201820,2018,4,Julio Cesar Sampaio do Prado Leite,Julio Cesar Sampaio do Prado Leite,Possíveis Limites do Mapeamento Sistemático: Uma Visão de Pesquisadores em Engenharia de Requisitos
wer201901,2019,1,Luana Souza,Luana Souza,Aplicação da Etnografia no Contexto de Fábrica de Software na Perspectiva da Engenharia de Requisitos
wer201901,2019,2,Erica Miranda,Erica Miranda,Aplicação da Etnografia no Contexto de Fábrica de Software na Perspectiva da Engenharia de Requisitos
wer201901,2019,3,Márcia Lucena,Marcia Lucena,Aplicação da Etnografia no Contexto de Fábrica de Software na Perspectiva da Engenharia de Requisitos
wer201901,2019,4,Apuena Gomes,Apuena Gomes,Aplicação da Etnografia no Contexto de Fábrica de Software na Perspectiva da Engenharia de Requisitos
wer201902,2019,1,Jorge H. Doorn,Jorge Doorn,Críticas Cognitivas a Heurísticas Orientadas a Modelos
wer201902,2019,2,Graciela D.S. Hadad,Graciela D.S. Hadad,Críticas Cognitivas a Heurísticas Orientadas a Modelos
wer201902,2019,3,María Celia Elizalde,María Celia Elizalde,Críticas Cognitivas a Heurísticas Orientadas a Modelos
wer201902,2019,4,Alan R.G. García,Alan R.G. García,Críticas Cognitivas a Heurísticas Orientadas a Modelos
wer201902,2019,5,y Lucas O. Carnero,y Lucas O. Carnero,Críticas Cognitivas a Heurísticas Orientadas a Modelos
wer201903,2019,1,Alberto Sebastián,Alberto Sebastián,Evaluación de Variantes de Inspección en un Modelo Léxico
wer201903,2019,2,Graciela D. S. Hadad,Graciela D.S. Hadad,Evaluación de Variantes de Inspección en un Modelo Léxico
wer201903,2019,3,Daniela Raffo,Daniela Raffo,Evaluación de Variantes de Inspección en un Modelo Léxico
wer201904,2019,1,Aline Ferreira Barbosa,Aline Barbosa,Identificando cenários de conflitos na Engenharia de Requisitos visando aplicação da Comunicação Não Violenta
wer201904,2019,2,Maria Lencastre,Maria Lencastre,Identificando cenários de conflitos na Engenharia de Requisitos visando aplicação da Comunicação Não Violenta
wer201905,2019,1,Moniky Ribeiro,Moniky Ribeiro,iStar4Safety: Uma Extensão de iStar para Modelagem de Requisitos de Segurança em Sistemas Críticos
wer201905,2019,2,Jaelson Castro,Jaelson Castro,iStar4Safety: Uma Extensão de iStar para Modelagem de Requisitos de Segurança em Sistemas Críticos
wer201905,2019,3,Jéssyka Vilela,Jéssyka Vilela,iStar4Safety: Uma Extensão de iStar para Modelagem de Requisitos de Segurança em Sistemas Críticos
wer201905,2019,4,João Pimentel,João Pimentel,iStar4Safety: Uma Extensão de iStar para Modelagem de Requisitos de Segurança em Sistemas Críticos
wer201906,2019,1,Alexandre Mendonça,Alexandre Mendonça,Metricas de Tamanho de Software com Metodos Ageis no Setor Publico: uma Revisão Sistemática
wer201906,2019,2,Fernanda Alencar,Fernanda Alencar,Metricas de Tamanho de Software com Metodos Ageis no Setor Publico: uma Revisão Sistemática
wer201907,2019,1,Camila Tiemi Outa,Camila Tiemi Outa,O uso de modelos de processos de negócio e de modelagem organizacional em metodologias ágeis: uma revisão sistemática da literatura
wer201907,2019,2,Victor F. A. Santander,Victor Francisco Araya Santander,O uso de modelos de processos de negócio e de modelagem organizacional em metodologias ágeis: uma revisão sistemática da literatura
wer201908,2019,1,Dorgival Netto,Dorgival Netto,Privacy and Security in Requirements Engineering: Results from a Systematic Literature Mapping
wer201908,2019,2,Mariana Peixoto,Mariana Peixoto,Privacy and Security in Requirements Engineering: Results from a Systematic Literature Mapping
wer201908,2019,3,Carla Silva,Carla Silva,Privacy and Security in Requirements Engineering: Results from a Systematic Literature Mapping
wer201909,2019,1,Romeu Ferreira de Oliveira,Romeu Ferreira de Oliveira,Raciocinando sobre a propagação de impactos em modelos de metas através de Redes de Petri
wer201909,2019,2,Julio Cesar Sampaio do Prado Leite,Julio Cesar Sampaio do Prado Leite,Raciocinando sobre a propagação de impactos em modelos de metas através de Redes de Petri
wer201910,2019,1,Henrique Prado Sousa,Henrique Prado de Sá Sousa,Relacionando requisitos de software e competências de recursos humanos através de modelos organizacionais
wer201910,2019,2,Eduardo Kinder Almentero,Eduardo Kinder Almentero,Relacionando requisitos de software e competências de recursos humanos através de modelos organizacionais
wer201910,2019,3,Julio Cesar Sampaio do Prado Leite,Julio Cesar Sampaio do Prado Leite,Relacionando requisitos de software e competências de recursos humanos através de modelos organizacionais
wer201911,2019,1,Jessyka Vilela,Jéssyka Vilela,Requirements Communication in Safety-Critical Systems
wer201911,2019,2,Jaelson Castro,Jaelson Castro,Requirements Communication in Safety-Critical Systems
wer201911,2019,3,Luiz Eduardo G. Martins,Luiz Eduardo Galvão Martins,Requirements Communication in Safety-Critical Systems
wer201911,2019,4,Tony Gorschek,Tony Gorschek,Requirements Communication in Safety-Critical Systems
wer201911,2019,5,Camilo Almendra,Camilo Almendra,Requirements Communication in Safety-Critical Systems
wer201912,2019,1,Enyo Gonçalves,Enyo Gonçalves,The PRISE Tool to Support iStar Extensions
wer201912,2019,2,Tiago Heineck,Tiago Heineck,The PRISE Tool to Support iStar Extensions
wer201912,2019,3,Luciana de Oliveira,Luciana de Oliveira,The PRISE Tool to Support iStar Extensions
wer201912,2019,4,João Araújo,João Araújo,The PRISE Tool to Support iStar Extensions
wer201912,2019,5,Jaelson Castro,Jaelson Castro,The PRISE Tool to Support iStar Extensions
wer201913,2019,1,Hamilton G. P. Hitzschky,Hamilton G. P. Hitzschky,Um processo para elicitar requisitos de software em projeto de implantação de ERP para empresas com unidades autônomas e diferentes culturas organizacionais
wer201913,2019,2,Vagner L. Gava,Vagner L. Gava,Um processo para elicitar requisitos de software em projeto de implantação de ERP para empresas com unidades autônomas e diferentes culturas organizacionais
wer201914,2019,1,Johnny Cardoso Marques,Johnny Cardoso Marques,Uma Análise das Características de Especificação de Requisitos de Software em Normas de Ambientes Regulados
wer201915,2019,1,Patrícia Mergulhão,Patricia Mergulhão,Uso de Metodologias Criativas no Processo de Ensino da Disciplina Engenharia de Requisitos
wer201915,2019,2,Maria Lencastre,Maria Lencastre,Uso de Metodologias Criativas no Processo de Ensino da Disciplina Engenharia de Requisitos
wer201915,2019,3,Melina Soares,Melina Soares,Uso de Metodologias Criativas no Processo de Ensino da Disciplina Engenharia de Requisitos
wer201915,2019,4,Ricardo Almeida,Ricardo Almeida,Uso de Metodologias Criativas no Processo de Ensino da Disciplina Engenharia de Requisitos
wer201915,2019,5,Aline Barbosa,Aline Barbosa,Uso de Metodologias Criativas no Processo de Ensino da Disciplina Engenharia de Requisitos
wer201916,2019,1,Victor Augusto Pozzan,Victor Augusto Pozzan,JGOOSE: Uma ferramenta para derivar casos de uso a partir de modelos em i* e BPMN
wer201916,2019,2,Victor F. A. Santander,Victor Francisco Araya Santander,JGOOSE: Uma ferramenta para derivar casos de uso a partir de modelos em i* e BPMN
wer201917,2019,1,Camila Luísa F. de Lima,Camila Luísa F. de Lima,Laboratório da CNV: Um jogo digital para compreender a Comunicação Não Violenta
wer201917,2019,2,Camila B. de Andrade,Camila B. de Andrade,Laboratório da CNV: Um jogo digital para compreender a Comunicação Não Violenta
wer201917,2019,3,Aline F. Barbosa,Aline Barbosa,Laboratório da CNV: Um jogo digital para compreender a Comunicação Não Violenta
wer201917,2019,4,Maria Lencastre,Maria Lencastre,Laboratório da CNV: Um jogo digital para compreender a Comunicação Não Violenta
wer201918,2019,1,Jose Vinicius Vieira Lima,Jose Vinicius Vieira Lima,Uso das Metodologias Ativas na Engenharia de Requisitos
wer201918,2019,2,Andres Paul Moya Flores,Andres Paul Moya Flores,Uso das Metodologias Ativas na Engenharia de Requisitos
wer201918,2019,3,Fernanda M. R. Alencar,Fernanda Alencar,Uso das Metodologias Ativas na Engenharia de Requisitos
wer202001,2020,1,Ana Clara Correa da Silva,Ana Clara Correa da Silva,Avaliando a Relação entre o Catálogo de Transparência de Software e o Processo de Engenharia de Requisitos do MPS-SW?
wer202001,2020,2,Henrique Prado de Sá Sousa,Henrique Prado de Sá Sousa,Avaliando a Relação entre o Catálogo de Transparência de Software e o Processo de Engenharia de Requisitos do MPS-SW?
wer202001,2020,3,Eduardo Kinder Almentero,Eduardo Kinder Almentero,Avaliando a Relação entre o Catálogo de Transparência de Software e o Processo de Engenharia de Requisitos do MPS-SW?
wer202001,2020,4,Julio Cesar Sampaio do Prado Leite,Julio Cesar Sampaio do Prado Leite,Avaliando a Relação entre o Catálogo de Transparência de Software e o Processo de Engenharia de Requisitos do MPS-SW?
wer202002,2020,1,Jullia Saad,Jullia Saad,Comunicação de requisitos em quadros kanban virtuais
wer202002,2020,2,Priscila Portela Costa,Priscila Portela Costa,Comunicação de requisitos em quadros kanban virtuais
wer202002,2020,3,Luciana A. M. Zaina,Luciana A. M. Zaina,Comunicação de requisitos em quadros kanban virtuais
wer202003,2020,1,Camila Andrade,Camila B. de Andrade,Conflitos na ER: Proposta de uma Atividade de Narrativa com auxílio de Realidade Aumentada
wer202003,2020,2,Maria Lencastre,Maria Lencastre,Conflitos na ER: Proposta de uma Atividade de Narrativa com auxílio de Realidade Aumentada
wer202003,2020,3,Aline Barbosa,Aline Barbosa,Conflitos na ER: Proposta de uma Atividade de Narrativa com auxílio de Realidade Aumentada
wer202003,2020,4,Patricia Mergulhão,Patricia Mergulhão,Conflitos na ER: Proposta de uma Atividade de Narrativa com auxílio de Realidade Aumentada
wer202004,2020,1,Jonathan H. J. Souza,Jonathan H. J. Souza,Descrevendo requisitos de User eXperience em Critérios de Aceitação de User Stories
wer202004,2020,2,Leonardo C. Marques,Leonardo C. Marques,Descrevendo requisitos de User eXperience em Critérios de Aceitação de User Stories
wer202004,2020,3,Tayana U. Conte,Tayana Conte,Descrevendo requisitos de User eXperience em Critérios de Aceitação de User Stories
wer202004,2020,4,Luciana A. M. Zaina,Luciana A. M. Zaina,Descrevendo requisitos de User eXperience em Critérios de Aceitação de User Stories
wer202005,2020,1,Angelica Toffano Seidel Calazans,Angelica Toffano Seidel Calazans,Empathy and Criativity in Privacy Requirements Elicitation: Systematic Literature Review
wer202005,2020,2,Anderson Jefferson Cerqueira,Anderson Jefferson Cerqueira,Empathy and Criativity in Privacy Requirements Elicitation: Systematic Literature Review
wer202005,2020,3,Edna Dias Canedo,Edna Dias Canedo,Empathy and Criativity in Privacy Requirements Elicitation: Systematic Literature Review
wer202006,2020,1,María Guadalupe Gramajo,María Guadalupe Gramajo,Hacia la Evaluación Automática de la Calidad de los Requerimientos de Software usando Redes Neuronales Long Short Term Memory
wer202006,2020,2,Luciana Ballejos,Luciana Ballejos,Hacia la Evaluación Automática de la Calidad de los Requerimientos de Software usando Redes Neuronales Long Short Term Memory
wer202006,2020,3,Mariel Ale,Mariel Ale,Hacia la Evaluación Automática de la Calidad de los Requerimientos de Software usando Redes Neuronales Long Short Term Memory
wer202007,2020,1,Heuller Aloys Carneiro Procópio,Heuller Aloys Carneiro Procópio,Identificação de Requisitos de Segurança para Experimentos Científicos Embarcados
wer202007,2020,2,Luiz Eduardo Galvão Martins,Luiz Eduardo Galvão Martins,Identificação de Requisitos de Segurança para Experimentos Científicos Embarcados
wer202007,2020,3,Carlos Henrique Netto Lahoz,Carlos Henrique Netto Lahoz,Identificação de Requisitos de Segurança para Experimentos Científicos Embarcados
wer202008,2020,1,Rafael Crispim Ignácio,Rafael Crispim Ignácio,Improving the Selection of Requirements Elicitation Techniques: A Faceted Guide
wer202008,2020,2,Fabiane Barreto Vavassori Benitti,Fabiane Barreto Vavassori Benitti,Improving the Selection of Requirements Elicitation Techniques: A Faceted Guide
wer202009,2020,1,Ana Maria da Mota Moura,Ana Maria da Mota Moura,JiStar Rastreabilidade Entre Código Java e Modelos de Metas i*
wer202009,2020,2,Julio Cesar Sampaio do Prado Leite,Julio Cesar Sampaio do Prado Leite,JiStar Rastreabilidade Entre Código Java e Modelos de Metas i*
wer202010,2020,1,Giovana Brandão Ribeiro Linhares,Giovana Brandão Ribeiro Linhares,Negociação-Colaboração para Qualidade de Requisitos de Qualidade
wer202010,2020,2,Julio Cesar Sampaio do Prado Leite,Julio Cesar Sampaio do Prado Leite,Negociação-Colaboração para Qualidade de Requisitos de Qualidade
wer202011,2020,1,Reinaldo Silva,Reinaldo Silva,NFR4ES: Um Catálogo de Requisitos Não-Funcionais para Sistemas Embarcados
wer202011,2020,2,Jaelson Castro,Jaelson Castro,NFR4ES: Um Catálogo de Requisitos Não-Funcionais para Sistemas Embarcados
wer202011,2020,3,João Pimentel,João Pimentel,NFR4ES: Um Catálogo de Requisitos Não-Funcionais para Sistemas Embarcados
wer202012,2020,1,Aêda Sousa,Aêda Sousa,Os Benefícios do Uso de Ontologias em Sistemas Embarcados
wer202012,2020,2,Timóteo Gomes,Timóteo Gomes,Os Benefícios do Uso de Ontologias em Sistemas Embarcados
wer202012,2020,3,Letícia Lima,Letícia Lima,Os Benefícios do Uso de Ontologias em Sistemas Embarcados
wer202012,2020,4,Fernanda Alencar,Fernanda Alencar,Os Benefícios do Uso de Ontologias em Sistemas Embarcados
wer202013,2020,1,Fábio Avigo de Castro Pinto,Fábio Avigo de Castro Pinto,Problemas do Design Thinking para a Engenharia de Requisitos: uma Revisão Sistemática da Literatura
wer202013,2020,2,Fábio Levy Siqueira,Fábio Levy Siqueira,Problemas do Design Thinking para a Engenharia de Requisitos: uma Revisão Sistemática da Literatura
wer202014,2020,1,Bleno W. F. V. da Silva,Bleno W. F. V. da Silva,REACT-M: O Relato de um Estudo de Caso de Aplicação de um Método Ágil para Gerência de Requisitos de Software
wer202014,2020,2,Sandro R. B. Oliveira,Sandro R. B. Oliveira,REACT-M: O Relato de um Estudo de Caso de Aplicação de um Método Ágil para Gerência de Requisitos de Software
wer202015,2020,1,Talita Marques Ruiz Slavov,Talita Marques Ruiz Slavov,Requirements for a Software Audit Model in Safety-Critical Domains
wer202015,2020,2,Johnny Cardoso Marques,Johnny Cardoso Marques,Requirements for a Software Audit Model in Safety-Critical Domains
wer202015,2020,3,Luiz Eduardo Galvão Martins,Luiz Eduardo Galvão Martins,Requirements for a Software Audit Model in Safety-Critical Domains
wer202016,2020,1,Felipe dos Santos Rocha,Felipe dos Santos Rocha,Safety Requirements and Risk Analysis Related to Insulin Infusion Pumps: A Systematic Review
wer202016,2020,2,Luiz Eduardo Galvão Martins,Luiz Eduardo Galvão Martins,Safety Requirements and Risk Analysis Related to Insulin Infusion Pumps: A Systematic Review
wer202017,2020,1,Jean C. S. Rosa,Jean C. S. Rosa,SPIDe para a Elicitação de Requisitos integrada ao Design de Interação: a percepção de especialistas em desenvolvimento de software
wer202017,2020,2,Beatriz B. do Rêgo,Beatriz B. do Rêgo,SPIDe para a Elicitação de Requisitos integrada ao Design de Interação: a percepção de especialistas em desenvolvimento de software
wer202017,2020,3,Filipe A. Garrido,Filipe A. Garrido,SPIDe para a Elicitação de Requisitos integrada ao Design de Interação: a percepção de especialistas em desenvolvimento de software
wer202017,2020,4,Pedro D. Valente,Pedro D. Valente,SPIDe para a Elicitação de Requisitos integrada ao Design de Interação: a percepção de especialistas em desenvolvimento de software
wer202017,2020,5,Nuno J. Nunes,Nuno J. Nunes,SPIDe para a Elicitação de Requisitos integrada ao Design de Interação: a percepção de especialistas em desenvolvimento de software
wer202017,2020,6,Ecivaldo Matos,Ecivaldo Matos,SPIDe para a Elicitação de Requisitos integrada ao Design de Interação: a percepção de especialistas em desenvolvimento de software
wer202018,2020,1,Victor Augusto Pozzan,Victor Augusto Pozzan,Suporte ao rastreamento de requisitos na ferramenta JGOOSE
wer202018,2020,2,Gustavo Cesar Lopes Geraldino,Gustavo Cesar Lopes Geraldino,Suporte ao rastreamento de requisitos na ferramenta JGOOSE
wer202018,2020,3,Victor Francisco Araya Santander,Victor Francisco Araya Santander,Suporte ao rastreamento de requisitos na ferramenta JGOOSE
wer202018,2020,4,Ivonei Freitas da Silva,Ivonei Freitas da Silva,Suporte ao rastreamento de requisitos na ferramenta JGOOSE
wer202019,2020,1,Gabriela Guedes,Gabriela Guedes,Survey Evaluation of an Approach for Dynamic Software Product Lines
wer202019,2020,2,Carla Silva,Carla Silva,Survey Evaluation of an Approach for Dynamic Software Product Lines
wer202019,2020,3,Monique Soares,Monique Soares,Survey Evaluation of an Approach for Dynamic Software Product Lines
wer202020,2020,1,Taciana N. Kudo,Taciana Novo Kudo,Uma Ferramenta para Construção de Catálogos de Padrões de Requisitos com Comportamento
wer202020,2020,2,Renato F. Bulcão-Neto,Renato F. Bulcão-Neto,Uma Ferramenta para Construção de Catálogos de Padrões de Requisitos com Comportamento
wer202020,2020,3,Auri M. R. Vincenzi,Auri M. R. Vincenzi,Uma Ferramenta para Construção de Catálogos de Padrões de Requisitos com Comportamento
wer202021,2020,1,João Pimentel,João Pimentel,Would You Like Better Visualization for Requirements Prioritization and Release Planning?
wer202021,2020,2,Maria Lencastre,Maria Lencastre,Would You Like Better Visualization for Requirements Prioritization and Release Planning?
wer202101,2021,1,Edneuci Denise Audacio,Edneuci Denise Audacio,"A Method to Evaluating Consistency, Completeness and Correctness in Evolution Requirements"
wer202101,2021,2,Katia Romero Felizardo,Katia Romero Felizardo,"A Method to Evaluating Consistency, Completeness and Correctness in Evolution Requirements"
wer202101,2021,3,Luiz Gustavo Ferreira Aguiar,Luiz Gustavo Ferreira Aguiar,"A Method to Evaluating Consistency, Completeness and Correctness in Evolution Requirements"
wer202101,2021,4,Rebeca Teodoro da Silva,Rebeca Teodoro Da Silva,"A Method to Evaluating Consistency, Completeness and Correctness in Evolution Requirements"
wer202101,2021,5,Elias Canhadas Genvigir,Elias Canhadas Genvigir,"A Method to Evaluating Consistency, Completeness and Correctness in Evolution Requirements"
wer202102,2021,1,Timóteo Gomes,Timóteo Gomes,Análise de Ontologias para Sistemas AAL (Ambient Assisted Living) e o suporte a Compliance
wer202102,2021,2,Fernanda Alencar,Fernanda Alencar,Análise de Ontologias para Sistemas AAL (Ambient Assisted Living) e o suporte a Compliance
wer202103,2021,1,Jose Carlos Duarte,Jose Carlos Duarte,Aplicando técnicas de Design Thinking para a especificação de cenários na elicitação de requisitos
wer202103,2021,2,Adriana Damian,Adriana Damian,Aplicando técnicas de Design Thinking para a especificação de cenários na elicitação de requisitos
wer202103,2021,3,Rafael Parizi,Rafael Parizi,Aplicando técnicas de Design Thinking para a especificação de cenários na elicitação de requisitos
wer202103,2021,4,Sabrina Marczak,Sabrina Marczak,Aplicando técnicas de Design Thinking para a especificação de cenários na elicitação de requisitos
wer202103,2021,5,Tayana Conte,Tayana Conte,Aplicando técnicas de Design Thinking para a especificação de cenários na elicitação de requisitos
wer202104,2021,1,Mozart de Melo Alves Júnior,Mozart de Melo Alves Júnior,Casos de Garantia de Segurança aplicados a sistemas robóticos: revisão sistemática da literatura
wer202104,2021,2,Maria Lencastre,Maria Lencastre,Casos de Garantia de Segurança aplicados a sistemas robóticos: revisão sistemática da literatura
wer202104,2021,3,Lucas Florêncio de Brito,Lucas Florêncio de Brito,Casos de Garantia de Segurança aplicados a sistemas robóticos: revisão sistemática da literatura
wer202104,2021,4,Jaelson Castro,Jaelson Castro,Casos de Garantia de Segurança aplicados a sistemas robóticos: revisão sistemática da literatura
wer202104,2021,5,Moniky Ribeiro,Moniky Ribeiro,Casos de Garantia de Segurança aplicados a sistemas robóticos: revisão sistemática da literatura
wer202105,2021,1,Moises Barbosa,Moises Barbosa,Diversidade de gênero - Elicitação de requisitos: Uso do GenderMag como Estratégia de Identificação de Requisitos de Usabilidade
wer202105,2021,2,Isabelle Brilhante,Isabelle Brilhante,Diversidade de gênero - Elicitação de requisitos: Uso do GenderMag como Estratégia de Identificação de Requisitos de Usabilidade
wer202105,2021,3,Artur Andrade,Artur Andrade,Diversidade de gênero - Elicitação de requisitos: Uso do GenderMag como Estratégia de Identificação de Requisitos de Usabilidade
wer202105,2021,4,Júlia Luiza Conceição,Júlia Luiza Conceição,Diversidade de gênero - Elicitação de requisitos: Uso do GenderMag como Estratégia de Identificação de Requisitos de Usabilidade
wer202105,2021,5,Genildo Gomes,Genildo Gomes,Diversidade de gênero - Elicitação de requisitos: Uso do GenderMag como Estratégia de Identificação de Requisitos de Usabilidade
wer202105,2021,6,Tayana Conte,Tayana Conte,Diversidade de gênero - Elicitação de requisitos: Uso do GenderMag como Estratégia de Identificação de Requisitos de Usabilidade
wer202105,2021,7,Bruno Gadelha,Bruno Gadelha,Diversidade de gênero - Elicitação de requisitos: Uso do GenderMag como Estratégia de Identificação de Requisitos de Usabilidade
wer202106,2021,1,Renato Menezes,Renato Menezes,Engenharia de Requisitos Ágil: Extensão de uma Revisão Sistemática da Literatura
wer202106,2021,2,Suzana Sampaio,Suzana Sampaio,Engenharia de Requisitos Ágil: Extensão de uma Revisão Sistemática da Literatura
wer202106,2021,3,Marcelo Marinho,Marcelo Marinho,Engenharia de Requisitos Ágil: Extensão de uma Revisão Sistemática da Literatura
wer202107,2021,1,Carina Alves,Carina Alves,Especificação de Requisitos de Privacidade em Conformidade com a LGPD: Resultados de um Estudo de Caso
wer202107,2021,2,Moisés Neves,Moisés Neves,Especificação de Requisitos de Privacidade em Conformidade com a LGPD: Resultados de um Estudo de Caso
wer202108,2021,1,Ana Carolina Candido de Melo,Ana Carolina Candido de Melo,Identificação e Mensuração da Dívida Técnica de Requisitos: um survey na indústria de software
wer202108,2021,2,Roberta Andrade de A. Fagundes,Roberta Andrade de A. Fagundes,Identificação e Mensuração da Dívida Técnica de Requisitos: um survey na indústria de software
wer202108,2021,3,José Vinícius Vieira Lima,Jose Vinicius Vieira Lima,Identificação e Mensuração da Dívida Técnica de Requisitos: um survey na indústria de software
wer202108,2021,4,Fernanda Alencar,Fernanda Alencar,Identificação e Mensuração da Dívida Técnica de Requisitos: um survey na indústria de software
wer202108,2021,5,Wylliams Barbosa Santos,Wylliams Barbosa Santos,Identificação e Mensuração da Dívida Técnica de Requisitos: um survey na indústria de software
wer202109,2021,1,Henrique Prado de Sá Sousa,Henrique Prado de Sá Sousa,Modelando perfis de Recursos Humanos para alinhamento de grupos de trabalho
wer202109,2021,2,Eduardo Kinder Almentero,Eduardo Kinder Almentero,Modelando perfis de Recursos Humanos para alinhamento de grupos de trabalho
wer202109,2021,3,Juliana Cesar Sirena Machado,Juliana Cesar Sirena Machado,Modelando perfis de Recursos Humanos para alinhamento de grupos de trabalho
wer202109,2021,4,Julio Cesar Sampaio do Prado Leite,Julio Cesar Sampaio do Prado Leite,Modelando perfis de Recursos Humanos para alinhamento de grupos de trabalho
wer202110,2021,1,Fabrizio Farias,Fabrizio Farias,O papel do patrocinador para apoiar o processo da engenharia de requisitos na busca por ideias externas em projetos de inovação aberta
wer202110,2021,2,Kiev Gama,Kiev Gama,O papel do patrocinador para apoiar o processo da engenharia de requisitos na busca por ideias externas em projetos de inovação aberta
wer202110,2021,3,Hermano Moura,Hermano Moura,O papel do patrocinador para apoiar o processo da engenharia de requisitos na busca por ideias externas em projetos de inovação aberta
wer202111,2021,1,Gabriel Viana Teixeira,Gabriel Viana Teixeira,O uso da Lean Persona+ para auxiliar a elaboração de requisitos de UX
wer202111,2021,2,Angelica Cunha dos Santos,Angelica Cunha dos Santos,O uso da Lean Persona+ para auxiliar a elaboração de requisitos de UX
wer202111,2021,3,Tayana Conte,Tayana Conte,O uso da Lean Persona+ para auxiliar a elaboração de requisitos de UX
wer202111,2021,4,Luciana Zaina,Luciana A. M. Zaina,O uso da Lean Persona+ para auxiliar a elaboração de requisitos de UX
wer202112,2021,1,Tarcísio Pereira,Tarcísio Pereira,Requirements Engineering for Embedded Systems: A Systematic Literature Review
wer202112,2021,2,Quelita Ribeiro,Quelita Ribeiro,Requirements Engineering for Embedded Systems: A Systematic Literature Review
wer202112,2021,3,Mozart Melo,Mozart de Melo Alves Júnior,Requirements Engineering for Embedded Systems: A Systematic Literature Review
wer202112,2021,4,Sthefanie Magro,Sthefanie Magro,Requirements Engineering for Embedded Systems: A Systematic Literature Review
wer202112,2021,5,Fernanda Alencar,Fernanda Alencar,Requirements Engineering for Embedded Systems: A Systematic Literature Review
wer202112,2021,6,Jaelson Castro,Jaelson Castro,Requirements Engineering for Embedded Systems: A Systematic Literature Review
wer202113,2021,1,Rafael Nascimento,Rafael Nascimento,Requirements Smells como Indicador de Qualidade para Histórias de Usuários: Estudo Exploratório
wer202113,2021,2,Eltoni Guimarães,Eltoni Guimarães,Requirements Smells como Indicador de Qualidade para Histórias de Usuários: Estudo Exploratório
wer202113,2021,3,Marcia Lucena,Marcia Lucena,Requirements Smells como Indicador de Qualidade para Histórias de Usuários: Estudo Exploratório
wer202114,2021,1,Letícia Passos,Letícia Passos,Rotule-me! Uma experiência de engenharia de requisitos para um sistema de rotulagem
wer202114,2021,2,Lucas Viana,Lucas Viana,Rotule-me! Uma experiência de engenharia de requisitos para um sistema de rotulagem
wer202114,2021,3,Edson César Oliveira,Edson César Oliveira,Rotule-me! Uma experiência de engenharia de requisitos para um sistema de rotulagem
wer202114,2021,4,Tayana Conte,Tayana Conte,Rotule-me! Uma experiência de engenharia de requisitos para um sistema de rotulagem
wer202115,2021,1,Ednilson da S. A. Júnior,Ednilson da S. A. Júnior,RST-IoT: Um Apoio Computacional para Especificação de Requisitos de Sistemas de Software IoT
wer202115,2021,2,Daniella de O. Costa,Daniella de O. Costa,RST-IoT: Um Apoio Computacional para Especificação de Requisitos de Sistemas de Software IoT
wer202115,2021,3,Rebeca C. Motta,Rebeca C. Motta,RST-IoT: Um Apoio Computacional para Especificação de Requisitos de Sistemas de Software IoT
wer202115,2021,4,Bruno P. de Souza,Bruno P. de Souza,RST-IoT: Um Apoio Computacional para Especificação de Requisitos de Sistemas de Software IoT
wer202116,2021,1,Leandro Antonelli,Leandro Antonelli,Specification Cases: a lightweight approach based on Natural Language
wer202116,2021,2,Julio Cesar Sampaio do Prado Leite,Julio Cesar Sampaio do Prado Leite,Specification Cases: a lightweight approach based on Natural Language
wer202116,2021,3,Alejandro Oliveros,Alejandro Oliveros,Specification Cases: a lightweight approach based on Natural Language
wer202116,2021,4,Gustavo Rossi,Gustavo Rossi,Specification Cases: a lightweight approach based on Natural Language
wer202117,2021,1,Antonio de Padua Albuquerque Oliveira,Antonio de Padua Albuquerque Oliveira,"The Philosophy Behind IRES, an Intentional Requirements Engineering Strategy"
wer202117,2021,2,Vera Maria Benjamim Werneck,Vera Maria Benjamim Werneck,"The Philosophy Behind IRES, an Intentional Requirements Engineering Strategy"
wer202117,2021,3,Luiz Marcio Cysneiros,Luiz Marcio Cysneiros,"The Philosophy Behind IRES, an Intentional Requirements Engineering Strategy"
wer202117,2021,4,Julio Cesar Sampaio do Prado Leite,Julio Cesar Sampaio do Prado Leite,"The Philosophy Behind IRES, an Intentional Requirements Engineering Strategy"
wer202118,2021,1,Elizamara K. Almeida,Elizamara K. Almeida,Thinking about gender: Combinando Design Thinking e GenderMag na elicitação de requisitos para um software de apoio a avaliação de UX.
wer202118,2021,2,Vinícius Monteiro,Vinícius Monteiro,Thinking about gender: Combinando Design Thinking e GenderMag na elicitação de requisitos para um software de apoio a avaliação de UX.
wer202118,2021,3,Franciane Alves,Franciane Alves,Thinking about gender: Combinando Design Thinking e GenderMag na elicitação de requisitos para um software de apoio a avaliação de UX.
wer202118,2021,4,Brenda Aguiar,Brenda Aguiar,Thinking about gender: Combinando Design Thinking e GenderMag na elicitação de requisitos para um software de apoio a avaliação de UX.
wer202118,2021,5,Leonardo Marques,Leonardo C. Marques,Thinking about gender: Combinando Design Thinking e GenderMag na elicitação de requisitos para um software de apoio a avaliação de UX.
wer202118,2021,6,Bruno Gadelha,Bruno Gadelha,Thinking about gender: Combinando Design Thinking e GenderMag na elicitação de requisitos para um software de apoio a avaliação de UX.
wer202118,2021,7,Tayana Conte,Tayana Conte,Thinking about gender: Combinando Design Thinking e GenderMag na elicitação de requisitos para um software de apoio a avaliação de UX.
wer202119,2021,1,Maurício Manoel Coelho Júnior,Maurício Manoel Coelho Júnior,Um Método para Modelagem de Requisitos não Funcionais em Ambient Assisted Living
wer202119,2021,2,Willy Silva Coutinho,Willy Silva Coutinho,Um Método para Modelagem de Requisitos não Funcionais em Ambient Assisted Living
wer202119,2021,3,Robson Lima de Alencar,Robson Lima de Alencar,Um Método para Modelagem de Requisitos não Funcionais em Ambient Assisted Living
wer202119,2021,4,Fernanda Alencar,Fernanda Alencar,Um Método para Modelagem de Requisitos não Funcionais em Ambient Assisted Living
wer202120,2021,1,Saiqa Aleem,Saiqa Aleem,User Requirements for Game Software Process: An Empirical Investigation
wer202120,2021,2,Luiz Fernando Capretz,Luiz Fernando Capretz,User Requirements for Game Software Process: An Empirical Investigation
wer202120,2021,3,Faheem Ahmed,Faheem Ahmed,User Requirements for Game Software Process: An Empirical Investigation
wer202120,2021,4,Shuib Basri,Shuib Basri,User Requirements for Game Software Process: An Empirical Investigation
wer202121,2021,1,Marcos Paiva,Marcos Paiva,CSC - Um Sistema de Controle de Cenários de Conflito
wer202121,2021,2,Maria Lencastre,Maria Lencastre,CSC - Um Sistema de Controle de Cenários de Conflito
wer202121,2021,3,Aline Barbosa,Aline Barbosa,CSC - Um Sistema de Controle de Cenários de Conflito
wer202122,2021,1,Rafael Parizi,Rafael Parizi,Helius: On a Recommendation System of Design Thinking Techniques for Software Development based on Professionals' Collaboration
wer202122,2021,2,Igor Couto,Igor Couto,Helius: On a Recommendation System of Design Thinking Techniques for Software Development based on Professionals' Collaboration
wer202122,2021,3,Lucas Hanauer,Lucas Hanauer,Helius: On a Recommendation System of Design Thinking Techniques for Software Development based on Professionals' Collaboration
wer202122,2021,4,Sabrina Marczak,Sabrina Marczak,Helius: On a Recommendation System of Design Thinking Techniques for Software Development based on Professionals' Collaboration
wer202122,2021,5,Tayana Conte,Tayana Conte,Helius: On a Recommendation System of Design Thinking Techniques for Software Development based on Professionals' Collaboration
wer202123,2021,1,Marcio Veronez,Marcio Veronez,Análise de Requisitos Não-Funcionais nos Processos de Migração para Microsserviços
wer202123,2021,2,Ivonei Freitas da Silva,Ivonei Freitas da Silva,Análise de Requisitos Não-Funcionais nos Processos de Migração para Microsserviços
wer202124,2021,1,Caio Steglich,Caio Steglich,Auxiliando Professores de Engenharia de Requisitos a Identificar Jogos como Recursos Pedagógicos
wer202124,2021,2,Sabrina Marczak,Sabrina Marczak,Auxiliando Professores de Engenharia de Requisitos a Identificar Jogos como Recursos Pedagógicos
wer202125,2021,1,Diogo Do Nascimento Paza,Diogo Do Nascimento Paza,"Mantendo a consistência na coevolução de modelos iStar, BPMN e Casos de Uso na Engenharia de Requisitos"
wer202125,2021,2,Victor Santander,Victor Francisco Araya Santander,"Mantendo a consistência na coevolução de modelos iStar, BPMN e Casos de Uso na Engenharia de Requisitos"
wer202126,2021,1,Mariana Martins,Mariana Crisostomo Martins,Padrões de Requisitos para Sistemas de Registro Eletrônico de Saúde
wer202126,2021,2,Taciana Kudo,Taciana Novo Kudo,Padrões de Requisitos para Sistemas de Registro Eletrônico de Saúde
wer202126,2021,3,Renato Bulcão-Neto,Renato F. Bulcão-Neto,Padrões de Requisitos para Sistemas de Registro Eletrônico de Saúde
wer202127,2021,1,Sarasuaty Yelisetty,Sarasuaty Yelisetty,Processo de Especificação de Banco de Dados em Sistemas Críticos
wer202127,2021,2,Johnny Marques,Johnny Cardoso Marques,Processo de Especificação de Banco de Dados em Sistemas Críticos
wer202127,2021,3,Luiz Dias,Luiz Dias,Processo de Especificação de Banco de Dados em Sistemas Críticos
wer202128,2021,1,Larissa Rodrigues da Costa,Larissa Rodrigues da Costa,Requisitos de Confiança para Robôs Socialmente Assistivos
wer202128,2021,2,Jaelson Castro,Jaelson Castro,Requisitos de Confiança para Robôs Socialmente Assistivos
wer202201,2022,1,Hugo Villamizar,Hugo Villamizar,A Catalogue of Concerns for Specifying Machine Learning-Enabled Systems
wer202201,2022,2,Marcos Kalinowski,Marcos Kalinowski,A Catalogue of Concerns for Specifying Machine Learning-Enabled Systems
wer202201,2022,3,Hélio Lopes,Hélio Lopes,A Catalogue of Concerns for Specifying Machine Learning-Enabled Systems
wer202202,2022,1,Pedro Rodrigues de Carvalho Junior,Pedro Rodrigues de Carvalho Junior,A Catalogue of KAOS Extensions
wer202202,2022,2,Enyo José Tavares Gonçalves,Enyo Gonçalves,A Catalogue of KAOS Extensions
wer202202,2022,3,Rainara Maia Carvalho,Rainara Maia Carvalho,A Catalogue of KAOS Extensions
wer202202,2022,4,Marcos Antonio de Oliveira,Marcos Antonio de Oliveira,A Catalogue of KAOS Extensions
wer202203,2022,1,Leandro Antonelli,Leandro Antonelli,A Collaborative Approach to specify Kernel Sentences using Natural Language
wer202203,2022,2,Alejandro Fernandez,Alejandro Fernandez,A Collaborative Approach to specify Kernel Sentences using Natural Language
wer202203,2022,3,Nicolas Ruffolo,Nicolás Simón Ruffolo,A Collaborative Approach to specify Kernel Sentences using Natural Language
wer202203,2022,4,Emiliano Sansone,Emiliano Sansone,A Collaborative Approach to specify Kernel Sentences using Natural Language
wer202203,2022,5,Diego Torres,Diego Torres,A Collaborative Approach to specify Kernel Sentences using Natural Language
wer202204,2022,1,Leandro Antonelli,Leandro Antonelli,An Iterative and Collaborative Approach to Specify Scenarios using Natural Language
wer202204,2022,2,Juliana Delle Ville,Juliana Delle Ville,An Iterative and Collaborative Approach to Specify Scenarios using Natural Language
wer202204,2022,3,Felipe Dioguardi,Felipe Dioguardi,An Iterative and Collaborative Approach to Specify Scenarios using Natural Language
wer202204,2022,4,Alejandro Fernandez,Alejandro Fernandez,An Iterative and Collaborative Approach to Specify Scenarios using Natural Language
wer202204,2022,5,Luciana Tanevitch,Luciana Tanevitch,An Iterative and Collaborative Approach to Specify Scenarios using Natural Language
wer202204,2022,6,Diego Torres,Diego Torres,An Iterative and Collaborative Approach to Specify Scenarios using Natural Language
wer202205,2022,1,Fábio Avigo de Castro Pinto,Fábio Avigo de Castro Pinto,Design Thinking and Non-Functional Requirements Elicitation: A Survey
wer202205,2022,2,Anarosa Alves Franco Brandão,Anarosa Alves Franco Brandão,Design Thinking and Non-Functional Requirements Elicitation: A Survey
wer202205,2022,3,Fábio Levy Siqueira,Fábio Levy Siqueira,Design Thinking and Non-Functional Requirements Elicitation: A Survey
wer202206,2022,1,Ernesto Fonseca Veiga,Ernesto Fonseca Veiga,Engenharia de Requisitos de Sistemas IoT e Ciber-Físicos: Resultados Preliminares
wer202206,2022,2,Renato F. Bulcão-Neto,Renato F. Bulcão-Neto,Engenharia de Requisitos de Sistemas IoT e Ciber-Físicos: Resultados Preliminares
wer202207,2022,1,Victor F.A. Santander,Victor Francisco Araya Santander,Obtendo Casos de Uso a Partir de Modelos de Processos de Negócio: Uma Revisão Sistemática da Literatura
wer202207,2022,2,Sidgley C. de Andrade,Sidgley C. de Andrade,Obtendo Casos de Uso a Partir de Modelos de Processos de Negócio: Uma Revisão Sistemática da Literatura
wer202207,2022,3,Ivonei F. da Silva,Ivonei Freitas da Silva,Obtendo Casos de Uso a Partir de Modelos de Processos de Negócio: Uma Revisão Sistemática da Literatura
wer202207,2022,4,Alexandre L. B. Silva,Alexandre Luiz de Borba Silva,Obtendo Casos de Uso a Partir de Modelos de Processos de Negócio: Uma Revisão Sistemática da Literatura
wer202207,2022,5,Victor A. Pozzan,Victor Augusto Pozzan,Obtendo Casos de Uso a Partir de Modelos de Processos de Negócio: Uma Revisão Sistemática da Literatura
wer202207,2022,6,Marco A. Toranzo Céspedes,Marco A. Toranzo Céspedes,Obtendo Casos de Uso a Partir de Modelos de Processos de Negócio: Uma Revisão Sistemática da Literatura
wer202208,2022,1,Larissa Barbosa,Larissa Barbosa,Organizing the TD Management Landscape for Requirements and Requirements Documentation Debt
wer202208,2022,2,Sávio Freire,Sávio Freire,Organizing the TD Management Landscape for Requirements and Requirements Documentation Debt
wer202208,2022,3,Nicolli Rios,Nicolli Rios,Organizing the TD Management Landscape for Requirements and Requirements Documentation Debt
wer202208,2022,4,Robert Ramac,Robert Ramac,Organizing the TD Management Landscape for Requirements and Requirements Documentation Debt
wer202208,2022,5,Nebojša Taušan,Nebojša Taušan,Organizing the TD Management Landscape for Requirements and Requirements Documentation Debt
wer202208,2022,6,Boris Pérez,Boris Pérez,Organizing the TD Management Landscape for Requirements and Requirements Documentation Debt
wer202208,2022,7,Camilo Castellanos,Camilo Castellanos,Organizing the TD Management Landscape for Requirements and Requirements Documentation Debt
wer202208,2022,8,Darío Correal,Darío Correal,Organizing the TD Management Landscape for Requirements and Requirements Documentation Debt
wer202208,2022,9,Alexia Pacheco,Alexia Pacheco,Organizing the TD Management Landscape for Requirements and Requirements Documentation Debt
wer202208,2022,10,Gustavo López,Gustavo López,Organizing the TD Management Landscape for Requirements and Requirements Documentation Debt
wer202208,2022,11,Vladimir Mandic,Vladimir Mandic,Organizing the TD Management Landscape for Requirements and Requirements Documentation Debt
wer202208,2022,12,Rita S. P Maciel,Rita Suzana Pitangueira Maciel,Organizing the TD Management Landscape for Requirements and Requirements Documentation Debt
wer202208,2022,13,Manoel Mendonça,Manoel Mendonça,Organizing the TD Management Landscape for Requirements and Requirements Documentation Debt
wer202208,2022,14,Davide Falessi,Davide Falessi,Organizing the TD Management Landscape for Requirements and Requirements Documentation Debt
wer202208,2022,15,Clemente Izurieta,Clemente Izurieta,Organizing the TD Management Landscape for Requirements and Requirements Documentation Debt
wer202208,2022,16,Carolyn Seaman,Carolyn Seaman,Organizing the TD Management Landscape for Requirements and Requirements Documentation Debt
wer202208,2022,17,Rodrigo Spínola,Rodrigo Spínola,Organizing the TD Management Landscape for Requirements and Requirements Documentation Debt
wer202209,2022,1,Lucas da Silva Souza,Lucas da Silva Souza,Requirements Engineering Processes in the Context of IoT and Requirements Validation Techniques
wer202209,2022,2,Felipe Brito Ayres,Felipe Brito Ayres,Requirements Engineering Processes in the Context of IoT and Requirements Validation Techniques
wer202209,2022,3,Pedro Henrique Teixeira Costa,Pedro Henrique Teixeira Costa,Requirements Engineering Processes in the Context of IoT and Requirements Validation Techniques
wer202209,2022,4,Edna Dias Canedo,Edna Dias Canedo,Requirements Engineering Processes in the Context of IoT and Requirements Validation Techniques
wer202210,2022,1,Julio Cesar Sampaio do Prado Leite,Julio Cesar Sampaio do Prado Leite,Requirements: The Never-Ending Story
wer202211,2022,1,Larissa Rodrigues da Costa,Larissa Rodrigues da Costa,Requisitos Não-Funcionais de Confiança: Um Catálogo para Robôs Socialmente Assistivos
wer202211,2022,2,Jaelson Castro,Jaelson Castro,Requisitos Não-Funcionais de Confiança: Um Catálogo para Robôs Socialmente Assistivos
wer202211,2022,3,Judith Kelner,Judith Kelner,Requisitos Não-Funcionais de Confiança: Um Catálogo para Robôs Socialmente Assistivos
wer202211,2022,4,Maria Lencastre,Maria Lencastre,Requisitos Não-Funcionais de Confiança: Um Catálogo para Robôs Socialmente Assistivos
wer202212,2022,1,Timóteo Gomes,Timóteo Gomes,Um survey com especialistas como validação de elementos para composição de uma ontologia para Sistemas AAL (Ambient Assisted Living)
wer202212,2022,2,Fernanda Alencar,Fernanda Alencar,Um survey com especialistas como validação de elementos para composição de uma ontologia para Sistemas AAL (Ambient Assisted Living)
wer202213,2022,1,Sâmmara Éllen Renner Ferrão,Sâmmara Éllen Renner Ferrão,Uma taxonomia para requisitos de privacidade e sua aplicação no Open Banking Brasil
wer202213,2022,2,Edna Dias Canedo,Edna Dias Canedo,Uma taxonomia para requisitos de privacidade e sua aplicação no Open Banking Brasil
wer202214,2022,1,Augusto Terra,Augusto Terra,A catalog of quality criteria to guide the assessment of applications’ privacy policies
wer202214,2022,2,Jéssyka Vilela,Jéssyka Vilela,A catalog of quality criteria to guide the assessment of applications’ privacy policies
wer202214,2022,3,Mariana Peixoto,Mariana Peixoto,A catalog of quality criteria to guide the assessment of applications’ privacy policies
wer202215,2022,1,Mariana Crisostomo Martins,Mariana Crisostomo Martins,Avaliação Experimental de um Catálogo de Padrões de Requisitos para Sistemas de Registro Eletrônico de Saúde
wer202215,2022,2,Taciana Novo Kudo,Taciana Novo Kudo,Avaliação Experimental de um Catálogo de Padrões de Requisitos para Sistemas de Registro Eletrônico de Saúde
wer202215,2022,3,Renato F. Bulcão-Neto,Renato F. Bulcão-Neto,Avaliação Experimental de um Catálogo de Padrões de Requisitos para Sistemas de Registro Eletrônico de Saúde
wer202216,2022,1,Egberto Santana,Egberto Santana,Diretrizes para apresentação de políticas de privacidade voltadas à experiência do usuário
wer202216,2022,2,Jéssyka Vilela,Jéssyka Vilela,Diretrizes para apresentação de políticas de privacidade voltadas à experiência do usuário
wer202216,2022,3,Mariana Peixoto,Mariana Peixoto,Diretrizes para apresentação de políticas de privacidade voltadas à experiência do usuário
wer202217,2022,1,George Valença,George Valença,Do Platforms Care About Your Child’s Data? A Proposal of Legal Requirements for Children’s Privacy and Protection
wer202217,2022,2,Maria Wanick Sarinho,Maria Wanick Sarinho,Do Platforms Care About Your Child’s Data? A Proposal of Legal Requirements for Children’s Privacy and Protection
wer202217,2022,3,Vinícius Polito,Vinícius Polito,Do Platforms Care About Your Child’s Data? A Proposal of Legal Requirements for Children’s Privacy and Protection
wer202217,2022,4,Fernando Lins,Fernando Lins,Do Platforms Care About Your Child’s Data? A Proposal of Legal Requirements for Children’s Privacy and Protection
wer202218,2022,1,Patricia Mergulhão,Patricia Mergulhão,Ensino de prevenção e gerenciamento de conflitos na Engenharia de Software baseado em Metodologias Ativas
wer202218,2022,2,Maria Lencastre,Maria Lencastre,Ensino de prevenção e gerenciamento de conflitos na Engenharia de Software baseado em Metodologias Ativas
wer202218,2022,3,Aline Barbosa,Aline Barbosa,Ensino de prevenção e gerenciamento de conflitos na Engenharia de Software baseado em Metodologias Ativas
wer202219,2022,1,Sara Guimarães,Sara Guimarães,Relato de experiência da linguagem de modelagem SysADL para documentação de sistemas embarcados com Arduino
wer202219,2022,2,Marcia Lucena,Marcia Lucena,Relato de experiência da linguagem de modelagem SysADL para documentação de sistemas embarcados com Arduino
wer202219,2022,3,Roberta Coelho,Roberta Coelho,Relato de experiência da linguagem de modelagem SysADL para documentação de sistemas embarcados com Arduino
wer202220,2022,1,Amanda Sousa,Amanda Sousa,Requirements management improvements for an agile project: an experience report
wer202220,2022,2,Paulo Duarte,Paulo Duarte,Requirements management improvements for an agile project: an experience report
wer202220,2022,3,Ismayle S. Santos,Ismayle S. Santos,Requirements management improvements for an agile project: an experience report
wer202220,2022,4,Marina Reis Fernandes,Marina Reis Fernandes,Requirements management improvements for an agile project: an experience report
wer202220,2022,5,Mariana Salamoni Francisco,Mariana Salamoni Francisco,Requirements management improvements for an agile project: an experience report
wer202220,2022,6,Rossana M. C. Andrade,Rossana Andrade,Requirements management improvements for an agile project: an experience report
wer202221,2022,1,Carlos Renato dos Santos,Carlos Renato dos Santos,ASP: An Aerospace Specification Process for Hardware Logic
wer202221,2022,2,Johnny Cardoso Marques,Johnny Cardoso Marques,ASP: An Aerospace Specification Process for Hardware Logic
wer202222,2022,1,Renato G. Fritola,Renato G. Fritola,Documentação de Requisitos de Sistemas Legados Uma proposta baseada na Engenharia de Requisitos Orientada a Objetivos
wer202222,2022,2,Victor A. Santander,Victor Francisco Araya Santander,Documentação de Requisitos de Sistemas Legados Uma proposta baseada na Engenharia de Requisitos Orientada a Objetivos
wer202223,2022,1,Maria Yêda Lima,Maria Yêda Lima,Explorando a especificação de cenários de teste de segurança no desenvolvimento orientado por comportamento (Behavior Driven Development)
wer202223,2022,2,Carla Silva,Carla Silva,Explorando a especificação de cenários de teste de segurança no desenvolvimento orientado por comportamento (Behavior Driven Development)
wer202223,2022,3,Renata Souza,Renata Souza,Explorando a especificação de cenários de teste de segurança no desenvolvimento orientado por comportamento (Behavior Driven Development)
wer202224,2022,1,Moniky Ribeiro,Moniky Ribeiro,Modelagem de Requisitos Iniciais de Segurança com Requirements4Safety
wer202224,2022,2,Jaelson Castro,Jaelson Castro,Modelagem de Requisitos Iniciais de Segurança com Requirements4Safety
wer202224,2022,3,Ricardo Argenton,Ricardo Ramos,Modelagem de Requisitos Iniciais de Segurança com Requirements4Safety
wer202225,2022,1,Mozart de Melo Alves Júnior,Mozart de Melo Alves Júnior,SAFE-Robot: Uma Abordagem para Sistematizar a Elaboração de Casos de Garantia de Segurança que Auxilie na Certificação de Sistemas Robóticos
wer202225,2022,2,Maria Lencastre,Maria Lencastre,SAFE-Robot: Uma Abordagem para Sistematizar a Elaboração de Casos de Garantia de Segurança que Auxilie na Certificação de Sistemas Robóticos
wer202225,2022,3,Jaelson Castro,Jaelson Castro,SAFE-Robot: Uma Abordagem para Sistematizar a Elaboração de Casos de Garantia de Segurança que Auxilie na Certificação de Sistemas Robóticos
wer202226,2022,1,Quelita Ribeiro,Quelita Ribeiro,Safety - Security Alignment in Requirements Engineering Process for Autonomous Vehicles
wer202226,2022,2,Jaelson Castro,Jaelson Castro,Safety - Security Alignment in Requirements Engineering Process for Autonomous Vehicles
wer202227,2022,1,Aline Barbosa,Aline Barbosa,Towards an approach to conflict assessment in software teams
wer202227,2022,2,Maria Lencastre,Maria Lencastre,Towards an approach to conflict assessment in software teams
wer202228,2022,1,João Victor R. Araújo,João Victor R. Araújo,rTiWIM: Uma Ferramenta para Elicitação e Validação de Requisitos de Software Utilizando Linguagem de Interface
wer202228,2022,2,Carla Bezerra,Carla Bezerra,rTiWIM: Uma Ferramenta para Elicitação e Validação de Requisitos de Software Utilizando Linguagem de Interface
wer202228,2022,3,Andréia Libório Sampaio,Andréia Libório Sampaio,rTiWIM: Uma Ferramenta para Elicitação e Validação de Requisitos de Software Utilizando Linguagem de Interface
wer202301,2023,1,Keyla Silva,Keyla Silva,Análise de conformidade da LGPD nas Instituições Públicas de Ensino Superior no Brasil sob a perspectiva dos profissionais de TIC
wer202301,2023,2,Laura Sarkis,Laura Sarkis,Análise de conformidade da LGPD nas Instituições Públicas de Ensino Superior no Brasil sob a perspectiva dos profissionais de TIC
wer202302,2023,1,Ricardo Cordeiro Galvão Santana van Erven,Ricardo Cordeiro Galvão Santana van Erven,Avaliação de Conhecimento em Engenharia de Requisitos no Startup Gov.br
wer202302,2023,2,Pollyanna C. O. Dias,Pollyanna C. O. Dias,Avaliação de Conhecimento em Engenharia de Requisitos no Startup Gov.br
wer202302,2023,3,Demétrius de Almeida Jubé,Demétrius de Almeida Jubé,Avaliação de Conhecimento em Engenharia de Requisitos no Startup Gov.br
wer202302,2023,4,George Marsicano Corrêa,George Marsicano Corrêa,Avaliação de Conhecimento em Engenharia de Requisitos no Startup Gov.br
wer202302,2023,5,Edna Dias Canedo,Edna Dias Canedo,Avaliação de Conhecimento em Engenharia de Requisitos no Startup Gov.br
wer202303,2023,1,Anna Beatriz Marques,Anna Beatriz Marques,Evolving the USARP method to support usability requirements elicitation and specification
wer202303,2023,2,Maria Victoria Fiori,Maria Victoria Fiori,Evolving the USARP method to support usability requirements elicitation and specification
wer202303,2023,3,Bruna Ferreira,Bruna Ferreira,Evolving the USARP method to support usability requirements elicitation and specification
wer202304,2023,1,Ezequiel Kahan,Ezequiel Kahan,Improving the Requirement Elicitation Process using Empathy Maps and Personas: A Quasi-Experiment
wer202304,2023,2,Emilio Insfrán Pelozo,Emílio Insfrán Pelozo,Improving the Requirement Elicitation Process using Empathy Maps and Personas: A Quasi-Experiment
wer202304,2023,3,Marcela Genero,Marcela Genero,Improving the Requirement Elicitation Process using Empathy Maps and Personas: A Quasi-Experiment
wer202304,2023,4,Alejandro Oliveros,Alejandro Oliveros,Improving the Requirement Elicitation Process using Empathy Maps and Personas: A Quasi-Experiment
wer202305,2023,1,Gustavo Cesar Lopes Geraldino,Gustavo Cesar Lopes Geraldino,Process of Transforming Requirements Elicited with MindMaps into iStar models
wer202305,2023,2,Victor Francisco Araya Santander,Victor Francisco Araya Santander,Process of Transforming Requirements Elicited with MindMaps into iStar models
wer202306,2023,1,Alexandre Barbosa,Alexandre Barbosa,ReQSI-CI: Um Catálogo de Requisitos Não-Funcionais para Sistemas de Informação em Cidades Inteligentes sob a Perspectiva de Ecossistemas Digitais
wer202306,2023,2,Paulo Malcher,Paulo Malcher,ReQSI-CI: Um Catálogo de Requisitos Não-Funcionais para Sistemas de Informação em Cidades Inteligentes sob a Perspectiva de Ecossistemas Digitais
wer202306,2023,3,Rodrigo Santos,Rodrigo Santos,ReQSI-CI: Um Catálogo de Requisitos Não-Funcionais para Sistemas de Informação em Cidades Inteligentes sob a Perspectiva de Ecossistemas Digitais
wer202307,2023,1,Moniky Ribeiro,Moniky Ribeiro,Requirements4Safety – Construindo uma técnica para modelagem de Requisitos Iniciais de Segurança
wer202307,2023,2,Jaelson Castro,Jaelson Castro,Requirements4Safety – Construindo uma técnica para modelagem de Requisitos Iniciais de Segurança
wer202307,2023,3,Ricardo Ramos,Ricardo Ramos,Requirements4Safety – Construindo uma técnica para modelagem de Requisitos Iniciais de Segurança
wer202307,2023,4,Maria Lencastre,Maria Lencastre,Requirements4Safety – Construindo uma técnica para modelagem de Requisitos Iniciais de Segurança
wer202307,2023,5,Abimael Santos,Abimael Santos,Requirements4Safety – Construindo uma técnica para modelagem de Requisitos Iniciais de Segurança
wer202308,2023,1,Arthur Vieira,Arthur Vieira,Um Modelo de Conceitos Relacionados à Privacidade de Dados Pessoais
wer202308,2023,2,Mariana Peixoto,Mariana Peixoto,Um Modelo de Conceitos Relacionados à Privacidade de Dados Pessoais
wer202308,2023,3,Carla Silva,Carla Silva,Um Modelo de Conceitos Relacionados à Privacidade de Dados Pessoais
wer202309,2023,1,Henrique Prado de Sá Sousa,Henrique Prado de Sá Sousa,Uma abordagem baseada no Catálogo de Requisitos Não Funcionais para conformidade à LGPD
wer202309,2023,2,Eduardo Kinder Almentero,Eduardo Kinder Almentero,Uma abordagem baseada no Catálogo de Requisitos Não Funcionais para conformidade à LGPD
wer202309,2023,3,Tadeu Moreira de Classe,Tadeu Classe,Uma abordagem baseada no Catálogo de Requisitos Não Funcionais para conformidade à LGPD
wer202309,2023,4,Rodrigo Juliao dos Santos,Rodrigo Juliao dos Santos,Uma abordagem baseada no Catálogo de Requisitos Não Funcionais para conformidade à LGPD
wer202309,2023,5,Julio Cesar Leite,Julio Cesar Sampaio do Prado Leite,Uma abordagem baseada no Catálogo de Requisitos Não Funcionais para conformidade à LGPD
wer202310,2023,1,Renata Vinadé,Renata Vinadé,Using Self-assessment for Improving Maturity on Accessibility Requirements in Software Practice at ORG: A Case Study
wer202310,2023,2,Sabrina Marczak,Sabrina Marczak,Using Self-assessment for Improving Maturity on Accessibility Requirements in Software Practice at ORG: A Case Study
wer202310,2023,3,Daniela Cruzes,Daniela Cruzes,Using Self-assessment for Improving Maturity on Accessibility Requirements in Software Practice at ORG: A Case Study
wer202310,2023,4,Monica Iovan,Monica Iovan,Using Self-assessment for Improving Maturity on Accessibility Requirements in Software Practice at ORG: A Case Study
wer202310,2023,5,Julie Rasmussen,Julie Rasmussen,Using Self-assessment for Improving Maturity on Accessibility Requirements in Software Practice at ORG: A Case Study
wer202310,2023,6,Victoria Bondarchuk,Victoria Bondarchuk,Using Self-assessment for Improving Maturity on Accessibility Requirements in Software Practice at ORG: A Case Study
wer202311,2023,1,Luiza Lira,Luiza Lira,Visual-PR: Uma abordagem visual e gamificada para o apoio à Priorização de Requisitos
wer202311,2023,2,Maria Lencastre,Maria Lencastre,Visual-PR: Uma abordagem visual e gamificada para o apoio à Priorização de Requisitos
wer202311,2023,3,Joao Henrique Pimentel,João Pimentel,Visual-PR: Uma abordagem visual e gamificada para o apoio à Priorização de Requisitos
wer202311,2023,4,Jaelson Brelaz Castro,Jaelson Castro,Visual-PR: Uma abordagem visual e gamificada para o apoio à Priorização de Requisitos
wer202311,2023,5,Mônica Bandeira,Mônica Bandeira,Visual-PR: Uma abordagem visual e gamificada para o apoio à Priorização de Requisitos
wer202312,2023,1,Dorgival Netto,Dorgival Netto,Ambiguity resolution and legal compliance of requirements: an exploratory study in the literature
wer202312,2023,2,Carla Silva,Carla Silva,Ambiguity resolution and legal compliance of requirements: an exploratory study in the literature
wer202313,2023,1,Leandro Antonelli,Leandro Antonelli,An approach to extract a conceptual model from natural language specifications
wer202313,2023,2,Juliana Delle Ville,Juliana Delle Ville,An approach to extract a conceptual model from natural language specifications
wer202313,2023,3,Matias Adorno,Matias Adorno,An approach to extract a conceptual model from natural language specifications
wer202313,2023,4,Letizia Ballestero,Letizia Ballestero,An approach to extract a conceptual model from natural language specifications
wer202313,2023,5,Santiago Cecconato,Santiago Cecconato,An approach to extract a conceptual model from natural language specifications
wer202313,2023,6,Alejandro Fernandez,Alejandro Fernandez,An approach to extract a conceptual model from natural language specifications
wer202313,2023,7,Gregorio Maclen,Gregorio Maclen,An approach to extract a conceptual model from natural language specifications
wer202313,2023,8,Giuliana Maltempo,Giuliana Maltempo,An approach to extract a conceptual model from natural language specifications
wer202313,2023,9,Juliana Mattei,Juliana Mattei,An approach to extract a conceptual model from natural language specifications
wer202313,2023,10,Luciana Tanevitch,Luciana Tanevitch,An approach to extract a conceptual model from natural language specifications
wer202313,2023,11,Diego Torres,Diego Torres,An approach to extract a conceptual model from natural language specifications
wer202314,2023,1,Roxana Portugal,Roxana Portugal,Aplicação de Mineração na Elicitação de Citações em Scholar: o caso do WERpapers
wer202314,2023,2,Lyrene Silva,Lyrene Fernandes da Silva,Aplicação de Mineração na Elicitação de Citações em Scholar: o caso do WERpapers
wer202314,2023,3,Julio Cesar Leite,Julio Cesar Sampaio do Prado Leite,Aplicação de Mineração na Elicitação de Citações em Scholar: o caso do WERpapers
wer202314,2023,4,Dennis Farfán Lovón,Dennis Farfán Lovón,Aplicação de Mineração na Elicitação de Citações em Scholar: o caso do WERpapers
wer202314,2023,5,Daniel Mosqueira Obando,Daniel Mosqueira Obando,Aplicação de Mineração na Elicitação de Citações em Scholar: o caso do WERpapers
wer202315,2023,1,Diego Menegazzi,Diego Menegazzi,Conformidade com a LGPD por meio de requisitos de negócio e requisitos de solução
wer202315,2023,2,Carla Silva,Carla Silva,Conformidade com a LGPD por meio de requisitos de negócio e requisitos de solução
wer202316,2023,1,Juliana Conceição,Juliana Conceição,O Uso de Inspeção para Aumentar a Transparência de Processos
wer202316,2023,2,Julio Leite,Julio Cesar Sampaio do Prado Leite,O Uso de Inspeção para Aumentar a Transparência de Processos
wer202316,2023,3,Rita Pitangueira,Rita Suzana Pitangueira Maciel,O Uso de Inspeção para Aumentar a Transparência de Processos
wer202317,2023,1,Julio Cesar Leite,Julio Cesar Sampaio do Prado Leite,Revisitando Processos de Construção de Requisitos: Uma Perspectiva de Transparência
wer202318,2023,1,Carlos Renato dos Santos,Carlos Renato dos Santos,A Requirements Specification Method: An Experience Report in Aerospace
wer202318,2023,2,Johnny Cardoso Marques,Johnny Cardoso Marques,A Requirements Specification Method: An Experience Report in Aerospace
wer202319,2023,1,Fábio Basso,Fábio Basso,Graphical DSL Devoted to Ease the Application of Model-Driven Engineering in Petrochemical Industry Automation
wer202319,2023,2,Jaqueline de Souza Moura,Jaqueline de Souza Moura,Graphical DSL Devoted to Ease the Application of Model-Driven Engineering in Petrochemical Industry Automation
wer202319,2023,3,Carlos Eduardo Xavier Correia,Carlos Eduardo Xavier Correia,Graphical DSL Devoted to Ease the Application of Model-Driven Engineering in Petrochemical Industry Automation
wer202319,2023,4,Karina Casola,Karina Casola,Graphical DSL Devoted to Ease the Application of Model-Driven Engineering in Petrochemical Industry Automation
wer202319,2023,5,Leandro Buss Becker,Leandro Buss Becker,Graphical DSL Devoted to Ease the Application of Model-Driven Engineering in Petrochemical Industry Automation
wer202320,2023,1,João Epifânio,João Epifânio,Identifying Knowledge Gaps in Requirements Engineering: An Empirical Study with Professionals in the Brazilian Software Industry
wer202320,2023,2,Erica Esteves,Erica Esteves,Identifying Knowledge Gaps in Requirements Engineering: An Empirical Study with Professionals in the Brazilian Software Industry
wer202320,2023,3,Marcia Lucena,Marcia Lucena,Identifying Knowledge Gaps in Requirements Engineering: An Empirical Study with Professionals in the Brazilian Software Industry
wer202320,2023,4,Gabriela Trindade,Gabriela Trindade,Identifying Knowledge Gaps in Requirements Engineering: An Empirical Study with Professionals in the Brazilian Software Industry
wer202321,2023,1,Davi De França Carneiro,Davi De França Carneiro,Um Modelo Híbrido de Gestão de Requisitos para Desenvolvimento e Aquisição de Softwares na Indústria Farmacêutica
wer202321,2023,2,Nelson Gutemberg Rocha Da Silva,Nelson Gutemberg Rocha Da Silva,Um Modelo Híbrido de Gestão de Requisitos para Desenvolvimento e Aquisição de Softwares na Indústria Farmacêutica
wer202321,2023,3,Iago Interaminense Gomes,Iago Interaminense Gomes,Um Modelo Híbrido de Gestão de Requisitos para Desenvolvimento e Aquisição de Softwares na Indústria Farmacêutica
wer202321,2023,4,Mauricio Barros Ottoni,Mauricio Barros Ottoni,Um Modelo Híbrido de Gestão de Requisitos para Desenvolvimento e Aquisição de Softwares na Indústria Farmacêutica
wer202322,2023,1,Raimundo Fagner Costa,Raimundo Fagner Costa,Verificação textual de requisitos legais no processo de aquisição de TIC: um estudo na administração pública federal
wer202322,2023,2,Carla Silva,Carla Silva,Verificação textual de requisitos legais no processo de aquisição de TIC: um estudo na administração pública federal
wer202322,2023,3,Rafael Mello,Rafael Mello,Verificação textual de requisitos legais no processo de aquisição de TIC: um estudo na administração pública federal
wer202323,2023,1,Vitor Luiz Caldeira Gilnek,Vitor Luiz Caldeira Gilnek,Elaboração e avaliação de um Catálogo de Requisitos Não-Funcionais Críticos em um Contexto de Domínio de Aplicação de Diplomas Digitais
wer202323,2023,2,Victor A. Santander,Victor Francisco Araya Santander,Elaboração e avaliação de um Catálogo de Requisitos Não-Funcionais Críticos em um Contexto de Domínio de Aplicação de Diplomas Digitais
wer202324,2023,1,Rebeca Camurça Cunha,Rebeca Camurça Cunha,Uma proposta de padrões de sintaxe de requisitos no idioma português
wer202324,2023,2,Christopher Shneider Cerqueira,Christopher Shneider Cerqueira,Uma proposta de padrões de sintaxe de requisitos no idioma português
wer202325,2023,1,Márcia Hortência Fonseca Ribeiro Nardes Maciel,Márcia Hortência Fonseca Ribeiro Nardes Maciel,Uso do Design Thinking na Elicitação de Requisitos em Ambientes de Trabalho Remoto e Distribuído
wer202325,2023,2,Alexandre Lazaretti Zanatta,Alexandre Lazaretti Zanatta,Uso do Design Thinking na Elicitação de Requisitos em Ambientes de Trabalho Remoto e Distribuído
wer202401,2024,1,Ernesto F. Veiga,Ernesto Fonseca Veiga,A Canvas Metamodel to Bridging Agile Project Planning and Requirements Engineering
wer202401,2024,2,Taciana N. Kudo,Taciana Novo Kudo,A Canvas Metamodel to Bridging Agile Project Planning and Requirements Engineering
wer202401,2024,3,Renato F. Bulcão-Neto,Renato F. Bulcão-Neto,A Canvas Metamodel to Bridging Agile Project Planning and Requirements Engineering
wer202402,2024,1,Paola Grijalva-Arriaga,Paola Grijalva-Arriaga,Alineación de glosarios específicos de dominio
wer202402,2024,2,Galo Cornejo-Gómez,Galo Cornejo-Gómez,Alineación de glosarios específicos de dominio
wer202402,2024,3,Leandro Antonelli,Leandro Antonelli,Alineación de glosarios específicos de dominio
wer202402,2024,4,Pablo Thomas,Pablo Thomas,Alineación de glosarios específicos de dominio
wer202403,2024,1,Angela Verónica Granizo Rodríguez,Angela Verónica Granizo Rodríguez,An approach for Reverse Engineering from Web Applications into the Language of the Domain using the LEL Glossary
wer202403,2024,2,Leandro Antonelli,Leandro Antonelli,An approach for Reverse Engineering from Web Applications into the Language of the Domain using the LEL Glossary
wer202403,2024,3,Sergio Firmenich,Sergio Firmenich,An approach for Reverse Engineering from Web Applications into the Language of the Domain using the LEL Glossary
wer202403,2024,4,Diego Firmenich,Diego Firmenich,An approach for Reverse Engineering from Web Applications into the Language of the Domain using the LEL Glossary
wer202404,2024,1,Carlos Renato dos Santos,Carlos Renato dos Santos,Analyze of Verbs in Requirements with Natural Language Processing to Enhance Comprehension
wer202404,2024,2,Johnny Cardoso Marques,Johnny Cardoso Marques,Analyze of Verbs in Requirements with Natural Language Processing to Enhance Comprehension
wer202405,2024,1,Gabriel Girardi da Costa,Gabriel Girardi da Costa,Avaliação de Acessibilidade em Aplicações Móveis: Uma Revisão Sistemática da Literatura
wer202405,2024,2,Vitor Luiz Caldeira Gilnek,Vitor Luiz Caldeira Gilnek,Avaliação de Acessibilidade em Aplicações Móveis: Uma Revisão Sistemática da Literatura
wer202405,2024,3,Victor Francisco Araya Santander,Victor Francisco Araya Santander,Avaliação de Acessibilidade em Aplicações Móveis: Uma Revisão Sistemática da Literatura
wer202405,2024,4,Marcos Alexandre dos Anjos,Marcos Alexandre dos Anjos,Avaliação de Acessibilidade em Aplicações Móveis: Uma Revisão Sistemática da Literatura
wer202406,2024,1,Abimael Santos,Abimael Santos,Catálogo de Requisitos de Sustentabilidade: Um Estudo Preliminar
wer202406,2024,2,Quelita Ribeiro,Quelita Ribeiro,Catálogo de Requisitos de Sustentabilidade: Um Estudo Preliminar
wer202406,2024,3,Jaelson Castro,Jaelson Castro,Catálogo de Requisitos de Sustentabilidade: Um Estudo Preliminar
wer202406,2024,4,Maria Lencastre,Maria Lencastre,Catálogo de Requisitos de Sustentabilidade: Um Estudo Preliminar
wer202407,2024,1,Pablo Roldán Valdiviezo,Pablo Roldán Valdiviezo,Definición De Una Gramática Para El Léxico Extendido Del Lenguaje
wer202407,2024,2,Leandro Antonelli,Leandro Antonelli,Definición De Una Gramática Para El Léxico Extendido Del Lenguaje
wer202408,2024,1,Luana Souza,Luana Souza,Desenvolvimento Ágil e Documentação de Requisitos Rumo a Práticas Mais Efetivas: Uma Revisão Sistemática
wer202408,2024,2,Tiago Brito,Tiago Brito,Desenvolvimento Ágil e Documentação de Requisitos Rumo a Práticas Mais Efetivas: Uma Revisão Sistemática
wer202408,2024,3,Marcia Lucena,Marcia Lucena,Desenvolvimento Ágil e Documentação de Requisitos Rumo a Práticas Mais Efetivas: Uma Revisão Sistemática
wer202408,2024,4,Apuena Gomes,Apuena Gomes,Desenvolvimento Ágil e Documentação de Requisitos Rumo a Práticas Mais Efetivas: Uma Revisão Sistemática
wer202409,2024,1,Larissa Pereira Gonçalves,Larissa Pereira Gonçalves,Documentation Artifacts For Conversation-Related Requirements Specification in Chatbots
wer202409,2024,2,Geovana Ramos Sousa Silva,Geovana Ramos Sousa Silva,Documentation Artifacts For Conversation-Related Requirements Specification in Chatbots
wer202409,2024,3,Edna Dias Canedo,Edna Dias Canedo,Documentation Artifacts For Conversation-Related Requirements Specification in Chatbots
wer202410,2024,1,Gabriela Pérez,Gabriela Perez,Evaluación de modelos de procesamiento de lenguaje natural para medir similaridad entre escenarios escritos en español
wer202410,2024,2,Catalina Mostaccio,Catalina Mostaccio,Evaluación de modelos de procesamiento de lenguaje natural para medir similaridad entre escenarios escritos en español
wer202410,2024,3,Leandro Antonelli,Leandro Antonelli,Evaluación de modelos de procesamiento de lenguaje natural para medir similaridad entre escenarios escritos en español
wer202411,2024,1,Marco Antonio Damo,Marco Antonio Damo,Investigando o Processo de Documentação de Requisitos em Sistemas Enterprise Resource Planning (ERP)
wer202411,2024,2,Victor Francisco Araya Santander,Victor Francisco Araya Santander,Investigando o Processo de Documentação de Requisitos em Sistemas Enterprise Resource Planning (ERP)
wer202412,2024,1,José F. Guilhermino da Silva,José F. Guilhermino da Silva,Modelagem Conceitual de Dívida Técnica na Engenharia de Requisitos
wer202412,2024,2,Maria Lencastre,Maria Lencastre,Modelagem Conceitual de Dívida Técnica na Engenharia de Requisitos
wer202412,2024,3,Jaelson Castro,Jaelson Castro,Modelagem Conceitual de Dívida Técnica na Engenharia de Requisitos
wer202413,2024,1,Alberto Sebastián,Alberto Sebastián,Modelos Visuales durante la Adquisición de Conocimiento: Un Mapeo Sistemático de la Literatura
wer202413,2024,2,Graciela D.S. Hadad,Graciela D.S. Hadad,Modelos Visuales durante la Adquisición de Conocimiento: Un Mapeo Sistemático de la Literatura
wer202413,2024,3,Leandro Antonelli,Leandro Antonelli,Modelos Visuales durante la Adquisición de Conocimiento: Un Mapeo Sistemático de la Literatura
wer202413,2024,4,Carlos Neil,Carlos Neil,Modelos Visuales durante la Adquisición de Conocimiento: Un Mapeo Sistemático de la Literatura
wer202414,2024,1,Giuliana Maltempo,Giuliana Maltempo,Multi-Word Entity Extraction And Rich Relationship Identification To Derive Conceptual Models From Natural Language Specifications
wer202414,2024,2,Juliana Delle Ville,Juliana Delle Ville,Multi-Word Entity Extraction And Rich Relationship Identification To Derive Conceptual Models From Natural Language Specifications
wer202414,2024,3,Santiago Cecconato,Santiago Cecconato,Multi-Word Entity Extraction And Rich Relationship Identification To Derive Conceptual Models From Natural Language Specifications
wer202414,2024,4,Federico Pellegrino,Federico Pellegrino,Multi-Word Entity Extraction And Rich Relationship Identification To Derive Conceptual Models From Natural Language Specifications
wer202414,2024,5,Damiano Distante,Damiano Distante,Multi-Word Entity Extraction And Rich Relationship Identification To Derive Conceptual Models From Natural Language Specifications
wer202414,2024,6,Leandro Antonelli,Leandro Antonelli,Multi-Word Entity Extraction And Rich Relationship Identification To Derive Conceptual Models From Natural Language Specifications
wer202415,2024,1,Larissa Pereira Gonçalves,Larissa Pereira Gonçalves,Requirements Documentation Containing Natural Language: A Systematic Tertiary Literature Review
wer202415,2024,2,Edna Dias Canedo,Edna Dias Canedo,Requirements Documentation Containing Natural Language: A Systematic Tertiary Literature Review
wer202415,2024,3,Daniel Alves da Silva,Daniel Alves da Silva,Requirements Documentation Containing Natural Language: A Systematic Tertiary Literature Review
wer202415,2024,4,Carlos Eduardo Lacerda Veiga,Carlos Eduardo Lacerda Veiga,Requirements Documentation Containing Natural Language: A Systematic Tertiary Literature Review
wer202415,2024,5,Rafael Timóteo de Sousa Junior,Rafael Timóteo de Sousa Junior,Requirements Documentation Containing Natural Language: A Systematic Tertiary Literature Review
wer202415,2024,6,Fábio Lúcio Lopes de Mendonça,Fábio Lúcio Lopes de Mendonça,Requirements Documentation Containing Natural Language: A Systematic Tertiary Literature Review
wer202416,2024,1,Ewerton David Brito de Jesus,Ewerton David Brito de Jesus,Requisitos de Segurança e Privacidade em Startups: Um Estudo Empírico em uma Aplicação de Governança de Dados
wer202416,2024,2,Jéssyka Vilela,Jéssyka Vilela,Requisitos de Segurança e Privacidade em Startups: Um Estudo Empírico em uma Aplicação de Governança de Dados
wer202416,2024,3,Carla Silva,Carla Silva,Requisitos de Segurança e Privacidade em Startups: Um Estudo Empírico em uma Aplicação de Governança de Dados
wer202417,2024,1,Thiago de Moura Parracho,Thiago de Moura Parracho,Requisitos de Transparência para Engajamento de Desenvolvedores em Portais de Ecossistemas de Software
wer202417,2024,2,Rodrigo Oliveira Zacarias,Rodrigo Oliveira Zacarias,Requisitos de Transparência para Engajamento de Desenvolvedores em Portais de Ecossistemas de Software
wer202417,2024,3,Henrique Prado de Sá Sousa,Henrique Prado de Sá Sousa,Requisitos de Transparência para Engajamento de Desenvolvedores em Portais de Ecossistemas de Software
wer202417,2024,4,Rodrigo Pereira dos Santos,Rodrigo Pereira dos Santos,Requisitos de Transparência para Engajamento de Desenvolvedores em Portais de Ecossistemas de Software
wer202418,2024,1,Renata Vinadé,Renata Vinadé,Unveiling Developer Perspectives: A Survey on Accessibility Practices and Requirements in Software Development
wer202418,2024,2,Sabrina Marczak,Sabrina Marczak,Unveiling Developer Perspectives: A Survey on Accessibility Practices and Requirements in Software Development
wer202419,2024,1,Roberto de Cerqueira Figueiredo,Roberto de Cerqueira Figueiredo,Using I* For An Early Analysis Of Interoperability Requirements
wer202419,2024,2,Daniela Barreiro Claro,Daniela Barreiro Claro,Using I* For An Early Analysis Of Interoperability Requirements
wer202419,2024,3,Rita Suzana Pitangueira Maciel,Rita Suzana Pitangueira Maciel,Using I* For An Early Analysis Of Interoperability Requirements
wer202419,2024,4,Julio Cesar Sampaio do Prado Leite,Julio Cesar Sampaio do Prado Leite,Using I* For An Early Analysis Of Interoperability Requirements
wer202420,2024,1,Pedro Lucas Dornelles,Pedro Lucas Dornelles,Collab2US: a Tool for Collecting User Stories from Collaborative Boards
wer202420,2024,2,Rafael Parizi,Rafael Parizi,Collab2US: a Tool for Collecting User Stories from Collaborative Boards
wer202421,2024,1,Gregorio Maclen,Gregorio Maclen,Una Herramienta Para Componer Escenarios A Través De Procesamiento Del Lenguaje Natural Y Derivar Casos De Prueba
wer202421,2024,2,Diego Torres,Diego Torres,Una Herramienta Para Componer Escenarios A Través De Procesamiento Del Lenguaje Natural Y Derivar Casos De Prueba
wer202421,2024,3,Leandro Antonelli,Leandro Antonelli,Una Herramienta Para Componer Escenarios A Través De Procesamiento Del Lenguaje Natural Y Derivar Casos De Prueba
wer202422,2024,1,Erik B. Silva,Erik B. Silva,Unlock the Power of the USARP Method: The USARP Tool Contribution to Usability Requirements Elicitation and Specification
wer202422,2024,2,Mateus E. Andrade,Mateus E. Andrade,Unlock the Power of the USARP Method: The USARP Tool Contribution to Usability Requirements Elicitation and Specification
wer202422,2024,3,Ana M. Lima,Ana M. Lima,Unlock the Power of the USARP Method: The USARP Tool Contribution to Usability Requirements Elicitation and Specification
wer202422,2024,4,Anna B. Marques,Anna Beatriz Marques,Unlock the Power of the USARP Method: The USARP Tool Contribution to Usability Requirements Elicitation and Specification
wer202423,2024,1,Ruy Ovídio Perrelli de Melo,Ruy Ovídio Perrelli de Melo,Do Entendimento à Aplicação: Requisitos de Privacidade e a Visão dos Usuários sobre a LGPD
wer202423,2024,2,Jéssyka Vilela,Jéssyka Vilela,Do Entendimento à Aplicação: Requisitos de Privacidade e a Visão dos Usuários sobre a LGPD
wer202423,2024,3,Carla Silva,Carla Silva,Do Entendimento à Aplicação: Requisitos de Privacidade e a Visão dos Usuários sobre a LGPD
wer202424,2024,1,Cristiana De Paulo,Cristiana De Paulo,Habilidades e Competências para um Profissional de Requisitos: uma Visão da Indústria
wer202424,2024,2,Jarbele C. S. Coutinho,Jarbele C. S. Coutinho,Habilidades e Competências para um Profissional de Requisitos: uma Visão da Indústria
wer202424,2024,3,Dorgival Netto,Dorgival Netto,Habilidades e Competências para um Profissional de Requisitos: uma Visão da Indústria
wer202425,2024,1,Roxana L.Q. Portugal,Roxana Portugal,Implementing Accuracy Quality for Responsible AI in Newsrooms
wer202425,2024,2,Juliana Delle Ville,Juliana Delle Ville,Implementing Accuracy Quality for Responsible AI in Newsrooms
wer202425,2024,3,Leandro Antonelli,Leandro Antonelli,Implementing Accuracy Quality for Responsible AI in Newsrooms
wer202426,2024,1,Ma. Carolina Sacoto,Ma. Carolina Sacoto,La ingeniería de requerimientos en el cumplimiento de la normativa de protección de datos personales
wer202426,2024,2,Juan Pablo Carvallo,Juan Pablo Carvallo,La ingeniería de requerimientos en el cumplimiento de la normativa de protección de datos personales
wer202427,2024,1,Davi de França Carneiro,Davi De França Carneiro,Migração da Infraestrutura de TI On-Premise para Multicloud: Desafios no Contexto da Administração Pública Federal no Brasil e da Indústria Farmacêutica
wer202427,2024,2,Nelson Gutemberg Rocha da Silva,Nelson Gutemberg Rocha Da Silva,Migração da Infraestrutura de TI On-Premise para Multicloud: Desafios no Contexto da Administração Pública Federal no Brasil e da Indústria Farmacêutica
wer202427,2024,3,Mauricio Barros Ottoni,Mauricio Barros Ottoni,Migração da Infraestrutura de TI On-Premise para Multicloud: Desafios no Contexto da Administração Pública Federal no Brasil e da Indústria Farmacêutica
wer202427,2024,4,Fabiano Alves da Silva,Fabiano Alves da Silva,Migração da Infraestrutura de TI On-Premise para Multicloud: Desafios no Contexto da Administração Pública Federal no Brasil e da Indústria Farmacêutica
wer202428,2024,1,Rhenara Oliveira,Rhenara Oliveira,Understanding Technical Debts of Requirements in an Industry Project: A Qualitative Study
wer202428,2024,2,Anna B. Marques,Anna Beatriz Marques,Understanding Technical Debts of Requirements in an Industry Project: A Qualitative Study
wer202428,2024,3,Ismayle Santos,Ismayle Santos,Understanding Technical Debts of Requirements in an Industry Project: A Qualitative Study
wer202428,2024,4,Rossana Andrade,Rossana Andrade,Understanding Technical Debts of Requirements in an Industry Project: A Qualitative Study
wer202429,2024,1,Pedro E. Colla,Pedro E. Colla,Uso de Modelos Conversacionales Avanzados para Evaluar la Ambigüedad en Requerimientos de Software
wer202430,2024,1,Mariana Crisostomo Martins,Mariana Crisostomo Martins,A Requirements Engineering Process for Machine Learning Innovation Projects
wer202430,2024,2,Taciana Novo Kudo,Taciana Novo Kudo,A Requirements Engineering Process for Machine Learning Innovation Projects
wer202430,2024,3,Renato F. Bulcão-Neto,Renato F. Bulcão-Neto,A Requirements Engineering Process for Machine Learning Innovation Projects
wer202431,2024,1,Willian Samuel Gerstberger,Willian Samuel Gerstberger,Bart: Uma técnica de Elicitação de Requisitos para Sistemas Multiagentes
wer202431,2024,2,Gilleanes Thorwald Araujo Guedes,Gilleanes Thorwald Araujo Guedes,Bart: Uma técnica de Elicitação de Requisitos para Sistemas Multiagentes
wer202432,2024,1,Sonia Santana,Sonia Santana,Proceso de Validación de Requerimientos Aplicando Técnicas de Procesamiento de Lenguaje Natural en un Entorno Colaborativo
wer202432,2024,2,Leandro Antonelli,Leandro Antonelli,Proceso de Validación de Requerimientos Aplicando Técnicas de Procesamiento de Lenguaje Natural en un Entorno Colaborativo
wer202432,2024,3,Pablo Thomas,Pablo Thomas,Proceso de Validación de Requerimientos Aplicando Técnicas de Procesamiento de Lenguaje Natural en un Entorno Colaborativo
wer202501,2025,1,João Azevedo,João Azevedo,A Framework for Requirements Classification with Machine Learning Methods
wer202501,2025,2,João Araújo,João Araújo,A Framework for Requirements Classification with Machine Learning Methods
wer202501,2025,3,Alberto Sardinha,Alberto Sardinha,A Framework for Requirements Classification with Machine Learning Methods
wer202501,2025,4,Carina Alves,Carina Alves,A Framework for Requirements Classification with Machine Learning Methods
wer202502,2025,1,Gabriela Pérez,Gabriela Perez,Análisis comparativo de arquitecturas de NLP para detectar similitudes entre escenarios en español
wer202502,2025,2,Catalina Mostaccio,Catalina Mostaccio,Análisis comparativo de arquitecturas de NLP para detectar similitudes entre escenarios en español
wer202502,2025,3,Leandro Antonelli,Leandro Antonelli,Análisis comparativo de arquitecturas de NLP para detectar similitudes entre escenarios en español
wer202503,2025,1,Larissa Santos Saraiva,Larissa Santos Saraiva,Apoiando o reúso de requisitos de usabilidade na adoção do USARP: identificação de padrões emergentes
wer202503,2025,2,Patrícia Freitas Campos de Vasconcelos,Patrícia Freitas Campos de Vasconcelos,Apoiando o reúso de requisitos de usabilidade na adoção do USARP: identificação de padrões emergentes
wer202503,2025,3,Anna Beatriz Marques,Anna Beatriz Marques,Apoiando o reúso de requisitos de usabilidade na adoção do USARP: identificação de padrões emergentes
wer202504,2025,1,Alejandro Oliveros,Alejandro Oliveros,Application of the Extended Language Lexicon for Cyber-Physical Production Systems
wer202504,2025,2,Jorge Fossati,Jorge Fossati,Application of the Extended Language Lexicon for Cyber-Physical Production Systems
wer202505,2025,1,Ulla Louise Didriksson,Ulla Louise Didriksson,Construindo um Catálogo de Metas-Flexíveis do Devido Processo Legal
wer202505,2025,2,Henrique Prado de Sá Sousa,Henrique Prado de Sá Sousa,Construindo um Catálogo de Metas-Flexíveis do Devido Processo Legal
wer202505,2025,3,Julio Cesar Sampaio do Prado Leite,Julio Cesar Sampaio do Prado Leite,Construindo um Catálogo de Metas-Flexíveis do Devido Processo Legal
wer202506,2025,1,Julieta Screpnik,Julieta Screpnik,Diseño de Casos de Pruebas a partir del Léxico Extendido del Lenguaje y la Especificación de Requerimientos
wer202506,2025,2,María Alejandra Paz Menvielle,María Alejandra Paz Menvielle,Diseño de Casos de Pruebas a partir del Léxico Extendido del Lenguaje y la Especificación de Requerimientos
wer202506,2025,3,Leandro Antonelli,Leandro Antonelli,Diseño de Casos de Pruebas a partir del Léxico Extendido del Lenguaje y la Especificación de Requerimientos
wer202507,2025,1,Jorge Ezequiel Moyano,Jorge Ezequiel Moyano,Diseño y Aplicación de una Estrategia Didáctica en la Enseñanza de Ingeniería de Requerimientos
wer202507,2025,2,Ivan D'uva,Ivan D'uva,Diseño y Aplicación de una Estrategia Didáctica en la Enseñanza de Ingeniería de Requerimientos
wer202507,2025,3,Daniel Aguil Mallea,Daniel Aguil Mallea,Diseño y Aplicación de una Estrategia Didáctica en la Enseñanza de Ingeniería de Requerimientos
wer202508,2025,1,Cristiana de Paulo,Cristiana De Paulo,Engenharia de Requisitos na Formação Acadêmica no Brasil: Um Alinhamento com as Expectativas da Indústria de Software
wer202508,2025,2,Jarbele Coutinho,Jarbele Coutinho,Engenharia de Requisitos na Formação Acadêmica no Brasil: Um Alinhamento com as Expectativas da Indústria de Software
wer202508,2025,3,Dorgival Netto,Dorgival Netto,Engenharia de Requisitos na Formação Acadêmica no Brasil: Um Alinhamento com as Expectativas da Indústria de Software
wer202509,2025,1,Diego Firmenich,Diego Firmenich,Exploring LLMs for User Story Extraction from Mockups
wer202509,2025,2,Leandro Antonelli,Leandro Antonelli,Exploring LLMs for User Story Extraction from Mockups
wer202509,2025,3,Bruno Pazos,Bruno Pazos,Exploring LLMs for User Story Extraction from Mockups
wer202509,2025,4,Fabricio Lozada,Fabricio Lozada,Exploring LLMs for User Story Extraction from Mockups
wer202509,2025,5,Leonardo Morales,Leonardo Morales,Exploring LLMs for User Story Extraction from Mockups
wer202510,2025,1,Roxana L. Q. Portugal,Roxana Portugal,Exploring LLMs on Supporting the Elicitation of Knowledge for NFR Catalogs: Insights from the Transparency Case
wer202510,2025,2,Lyrene F. Silva,Lyrene Fernandes da Silva,Exploring LLMs on Supporting the Elicitation of Knowledge for NFR Catalogs: Insights from the Transparency Case
wer202510,2025,3,Henrique S. P. Sousa,Henrique Prado de Sá Sousa,Exploring LLMs on Supporting the Elicitation of Knowledge for NFR Catalogs: Insights from the Transparency Case
wer202510,2025,4,Julio C. S. P. Leite,Julio Cesar Sampaio do Prado Leite,Exploring LLMs on Supporting the Elicitation of Knowledge for NFR Catalogs: Insights from the Transparency Case
wer202511,2025,1,Camila Almeida,Camila Almeida,From Elicitation Interviews to Software Requirements: Evaluating LLM Performance in Requirement Generation
wer202511,2025,2,Isaque Copque,Isaque Copque,From Elicitation Interviews to Software Requirements: Evaluating LLM Performance in Requirement Generation
wer202511,2025,3,Alvaro Oliveira,Alvaro Oliveira,From Elicitation Interviews to Software Requirements: Evaluating LLM Performance in Requirement Generation
wer202511,2025,4,Murilo Arouca,Murilo Arouca,From Elicitation Interviews to Software Requirements: Evaluating LLM Performance in Requirement Generation
wer202511,2025,5,Adriano Barbosa,Adriano Barbosa,From Elicitation Interviews to Software Requirements: Evaluating LLM Performance in Requirement Generation
wer202511,2025,6,Sávio Freire,Sávio Freire,From Elicitation Interviews to Software Requirements: Evaluating LLM Performance in Requirement Generation
wer202511,2025,7,Manoel Mendonça,Manoel Mendonça,From Elicitation Interviews to Software Requirements: Evaluating LLM Performance in Requirement Generation
wer202511,2025,8,Julio Cesar Leite,Julio Cesar Sampaio do Prado Leite,From Elicitation Interviews to Software Requirements: Evaluating LLM Performance in Requirement Generation
wer202512,2025,1,Gabriella Castro Barbosa Costa Dalpra,Gabriella Castro Barbosa Costa Dalpra,Incorporating Cybersecurity Requirements in Agile Development Processes
wer202512,2025,2,Victor Borges Loures de Paula,Victor Borges Loures de Paula,Incorporating Cybersecurity Requirements in Agile Development Processes
wer202512,2025,3,Marcelo Augusto Silva Belisário,Marcelo Augusto Silva Belisário,Incorporating Cybersecurity Requirements in Agile Development Processes
wer202512,2025,4,Maria Júlia Marques Schettini,Maria Júlia Marques Schettini,Incorporating Cybersecurity Requirements in Agile Development Processes
wer202512,2025,5,José Eduardo Fernandes,José Eduardo Fernandes,Incorporating Cybersecurity Requirements in Agile Development Processes
wer202512,2025,6,Tiago Pedrosa,Tiago Pedrosa,Incorporating Cybersecurity Requirements in Agile Development Processes
wer202513,2025,1,Sebastián Dapoto,Sebastián Dapoto,Non-functional requirements in 3D Mobile Applications and Virtual Reality Environments
wer202513,2025,2,Federico Cristina,Federico Cristina,Non-functional requirements in 3D Mobile Applications and Virtual Reality Environments
wer202513,2025,3,Pablo Thomas,Pablo Thomas,Non-functional requirements in 3D Mobile Applications and Virtual Reality Environments
wer202513,2025,4,Patricia Pesado,Patricia Pesado,Non-functional requirements in 3D Mobile Applications and Virtual Reality Environments
wer202514,2025,1,Jonathan Delgado Guerrero,Jonathan Delgado Guerrero,PRIM-UI: un método para integrar patrones de interacción en la etapa de requerimientos
wer202514,2025,2,Leandro Antonelli,Leandro Antonelli,PRIM-UI: un método para integrar patrones de interacción en la etapa de requerimientos
wer202514,2025,3,Diego Firmenich,Diego Firmenich,PRIM-UI: un método para integrar patrones de interacción en la etapa de requerimientos
wer202515,2025,1,Alberto Sebastián,Alberto Sebastián,Puntos de Vista en el Uso de Mapas Mentales y Facilitación Gráfica en la Elicitación
wer202515,2025,2,Graciela D.S. Hadad,Graciela D.S. Hadad,Puntos de Vista en el Uso de Mapas Mentales y Facilitación Gráfica en la Elicitación
wer202515,2025,3,Leandro Antonelli,Leandro Antonelli,Puntos de Vista en el Uso de Mapas Mentales y Facilitación Gráfica en la Elicitación
wer202516,2025,1,Graciela D.S. Hadad,Graciela D.S. Hadad,Trayecto para Precisar Heurísticas en un Modelo Conceptual
wer202516,2025,2,Jorge H. Doorn,Jorge Doorn,Trayecto para Precisar Heurísticas en un Modelo Conceptual
wer202516,2025,3,María Celia Elizalde,María Celia Elizalde,Trayecto para Precisar Heurísticas en un Modelo Conceptual
wer202516,2025,4,Marcela N. Ridao,Marcela Ridao,Trayecto para Precisar Heurísticas en un Modelo Conceptual
wer202517,2025,1,Ytalo Silva,Ytalo Silva,Uso de Large Language Models na Engenharia de Requisitos
wer202517,2025,2,Maria Gois,Maria Gois,Uso de Large Language Models na Engenharia de Requisitos
wer202517,2025,3,Abimael Santos,Abimael Santos,Uso de Large Language Models na Engenharia de Requisitos
wer202517,2025,4,Jaelson Castro,Jaelson Castro,Uso de Large Language Models na Engenharia de Requisitos
wer202517,2025,5,Maria Lencastre,Maria Lencastre,Uso de Large Language Models na Engenharia de Requisitos
wer202518,2025,1,Grijalva-Arriaga Paola,Grijalva-Arriaga Paola,Validación de método de alineación entre glosarios específicos de dominio.
wer202518,2025,2,Antonelli Leandro,Antonelli Leandro,Validación de método de alineación entre glosarios específicos de dominio.
wer202518,2025,3,Cornejo Galo,Cornejo Galo,Validación de método de alineación entre glosarios específicos de dominio.
wer202518,2025,4,Thomas Pablo,Thomas Pablo,Validación de método de alineación entre glosarios específicos de dominio.
wer202519,2025,1,Claudio Coelho da Silva Junior,Claudio Coelho da Silva Junior,Framing Cloud Migration of Legacy Systems as Technical Sustainability Requirements within a Proprietary Software Ecosystem
wer202519,2025,2,Juliana Carvalho Silva do Outão,Juliana Carvalho Silva do Outão,Framing Cloud Migration of Legacy Systems as Technical Sustainability Requirements within a Proprietary Software Ecosystem
wer202519,2025,3,Luiz Alexandre Martins da Costa,Luiz Alexandre Martins da Costa,Framing Cloud Migration of Legacy Systems as Technical Sustainability Requirements within a Proprietary Software Ecosystem
wer202519,2025,4,Awdren de Lima Fontão,Awdren de Lima Fontão,Framing Cloud Migration of Legacy Systems as Technical Sustainability Requirements within a Proprietary Software Ecosystem
wer202519,2025,5,Rodrigo Pereira dos Santos,Rodrigo Pereira dos Santos,Framing Cloud Migration of Legacy Systems as Technical Sustainability Requirements within a Proprietary Software Ecosystem
wer202520,2025,1,Mozart Alves-Júnior,Mozart de Melo Alves Júnior,appSCE: uma Ferramenta para Classificação da qualidade de evidências usadas em Casos de Garantia de Segurança
wer202520,2025,2,Sandeison Fernandes,Sandeison Fernandes,appSCE: uma Ferramenta para Classificação da qualidade de evidências usadas em Casos de Garantia de Segurança
wer202520,2025,3,Jaelson Castro,Jaelson Castro,appSCE: uma Ferramenta para Classificação da qualidade de evidências usadas em Casos de Garantia de Segurança
wer202520,2025,4,Alvaro Oliveira,Alvaro Oliveira,appSCE: uma Ferramenta para Classificação da qualidade de evidências usadas em Casos de Garantia de Segurança
wer202520,2025,5,Aldo Nunes,Aldo Nunes,appSCE: uma Ferramenta para Classificação da qualidade de evidências usadas em Casos de Garantia de Segurança
wer202521,2025,1,Ernesto Fonseca Veiga,Ernesto Fonseca Veiga,SafeSecRETS: A Project Planning Tool for Critical IoT Systems
wer202521,2025,2,Karlla Loane Santos Lima,Karlla Loane Santos Lima,SafeSecRETS: A Project Planning Tool for Critical IoT Systems
wer202521,2025,3,Taciana Novo Kudo,Taciana Novo Kudo,SafeSecRETS: A Project Planning Tool for Critical IoT Systems
wer202521,2025,4,Renato de Freitas Bulcão-Neto,Renato F. Bulcão-Neto,SafeSecRETS: A Project Planning Tool for Critical IoT Systems
wer202522,2025,1,Tiago Brito,Tiago Brito,Stakeholder Virtual: Uma Ferramenta Baseada na IA Generativa para Apoiar Elicitação de Requisitos
wer202522,2025,2,Márcia Lucena,Marcia Lucena,Stakeholder Virtual: Uma Ferramenta Baseada na IA Generativa para Apoiar Elicitação de Requisitos
wer202522,2025,3,Isabel Nunes,Isabel Nunes,Stakeholder Virtual: Uma Ferramenta Baseada na IA Generativa para Apoiar Elicitação de Requisitos
wer202523,2025,1,Jorge Hochstetter-Diez,Jorge Hochstetter-Diez,Tendify: Herramienta Innovadora para la Gestión de Requerimientos en Licitaciones de Desarrollo de Software
wer202523,2025,2,Belfor Acuña-Castillo,Belfor Acuña-Castillo,Tendify: Herramienta Innovadora para la Gestión de Requerimientos en Licitaciones de Desarrollo de Software
wer202523,2025,3,Maximiliano Cortés-Leiva,Maximiliano Cortés-Leiva,Tendify: Herramienta Innovadora para la Gestión de Requerimientos en Licitaciones de Desarrollo de Software
wer202524,2025,1,Carlos Antonio Carden,Carlos Antonio Carden,Uso del procesamiento de lenguaje natural para derivar un modelo conceptual de Data Warehouses a partir del lenguaje del dominio
wer202524,2025,2,Sandro Bimonte,Sandro Bimonte,Uso del procesamiento de lenguaje natural para derivar un modelo conceptual de Data Warehouses a partir del lenguaje del dominio
wer202524,2025,3,Stefano Rizzi,Stefano Rizzi,Uso del procesamiento de lenguaje natural para derivar un modelo conceptual de Data Warehouses a partir del lenguaje del dominio
wer202524,2025,4,Leandro Antonelli,Leandro Antonelli,Uso del procesamiento de lenguaje natural para derivar un modelo conceptual de Data Warehouses a partir del lenguaje del dominio
wer202525,2025,1,Alexssandro Morgenroth,Alexssandro Morgenroth,CATCOMPEDU - Elaboração de um Catálogo de Requisitos Não-Funcionais para o Desenvolvimento de Jogos Digitais para o ensino de Computação – Anos Iniciais
wer202525,2025,2,Victor Francisco Araya Santander,Victor Francisco Araya Santander,CATCOMPEDU - Elaboração de um Catálogo de Requisitos Não-Funcionais para o Desenvolvimento de Jogos Digitais para o ensino de Computação – Anos Iniciais
wer202526,2025,1,Marcio Veronez,Marcio Veronez,Requisitos de Privacidade em Software: Uma Abordagem Baseada em Padrões para Conformidade com a LGPD
wer202526,2025,2,Roberto Pereira,Roberto Pereira,Requisitos de Privacidade em Software: Uma Abordagem Baseada em Padrões para Conformidade com a LGPD
wer202526,2025,3,Victor Francisco Araya Santander,Victor Francisco Araya Santander,Requisitos de Privacidade em Software: Uma Abordagem Baseada em Padrões para Conformidade com a LGPD
wer202527,2025,1,Carlos Renato dos Santos,Carlos Renato dos Santos,Automating Testing with LabVIEW: A Requirements-Driven Approach
wer202527,2025,2,Adriano Costa Pinto,Adriano Costa Pinto,Automating Testing with LabVIEW: A Requirements-Driven Approach
wer202527,2025,3,Fábio Francisco de Carvalho Caballero,Fábio Francisco de Carvalho Caballero,Automating Testing with LabVIEW: A Requirements-Driven Approach
wer202527,2025,4,Luciana Pereira Simões,Luciana Pereira Simões,Automating Testing with LabVIEW: A Requirements-Driven Approach
wer202527,2025,5,Alison de Oliveira Moraes,Alison de Oliveira Moraes,Automating Testing with LabVIEW: A Requirements-Driven Approach
wer202528,2025,1,Roxana L. Quintanilla Portugal,Roxana Portugal,Utilizing LLMs for Early-Stage Qualities Elicitation: A Study on Responsible Fact-Checking in Journalism
wer202528,2025,2,Lyrene F. Silva,Lyrene Fernandes da Silva,Utilizing LLMs for Early-Stage Qualities Elicitation: A Study on Responsible Fact-Checking in Journalism
wer202528,2025,3,Henrique P. Sousa,Henrique Prado de Sá Sousa,Utilizing LLMs for Early-Stage Qualities Elicitation: A Study on Responsible Fact-Checking in Journalism
wer202528,2025,4,Eduardo Almentero,Eduardo Kinder Almentero,Utilizing LLMs for Early-Stage Qualities Elicitation: A Study on Responsible Fact-Checking in Journalism
wer202601,2026,1,Sebastián Dapoto,Sebastián Dapoto,Requerimientos No Funcionales en Aplicaciones Móviles 3D con entornos de Realidad Aumentada
wer202601,2026,2,Federico Cristina,Federico Cristina,Requerimientos No Funcionales en Aplicaciones Móviles 3D con entornos de Realidad Aumentada
wer202601,2026,3,Alex Leodan Arce,Alex Leodan Arce,Requerimientos No Funcionales en Aplicaciones Móviles 3D con entornos de Realidad Aumentada
wer202601,2026,4,Pablo Javier Thomas,Pablo Thomas,Requerimientos No Funcionales en Aplicaciones Móviles 3D con entornos de Realidad Aumentada
wer202601,2026,5,Patricia Pesado,Patricia Pesado,Requerimientos No Funcionales en Aplicaciones Móviles 3D con entornos de Realidad Aumentada
wer202602,2026,1,Marc Marinho de Alcântara,Marc Marinho de Alcântara,Enriquecimiento Semántico del Lexico Extendido de Lenguaje (LEL) mediante Ontologías
wer202602,2026,2,Leandro Antonelli,Leandro Antonelli,Enriquecimiento Semántico del Lexico Extendido de Lenguaje (LEL) mediante Ontologías
wer202602,2026,3,Diego Torres,Diego Torres,Enriquecimiento Semántico del Lexico Extendido de Lenguaje (LEL) mediante Ontologías
wer202603,2026,1,Nicolás Simón Ruffolo,Nicolás Simón Ruffolo,Guías para mejorar la calidad de especificaciones de requerimientos en lenguaje natural
wer202603,2026,2,Giuliana Maltempo,Giuliana Maltempo,Guías para mejorar la calidad de especificaciones de requerimientos en lenguaje natural
wer202603,2026,3,Juliana Ailen Delle Ville,Juliana Delle Ville,Guías para mejorar la calidad de especificaciones de requerimientos en lenguaje natural
wer202603,2026,4,Carlos Carden,Carlos Antonio Carden,Guías para mejorar la calidad de especificaciones de requerimientos en lenguaje natural
wer202603,2026,5,Elías Roa,Elías Roa,Guías para mejorar la calidad de especificaciones de requerimientos en lenguaje natural
wer202603,2026,6,Enzo Giandon,Enzo Giandon,Guías para mejorar la calidad de especificaciones de requerimientos en lenguaje natural
wer202603,2026,7,Gregorio Ponce,Gregorio Ponce,Guías para mejorar la calidad de especificaciones de requerimientos en lenguaje natural
wer202603,2026,8,Juan Escudero,Juan Escudero,Guías para mejorar la calidad de especificaciones de requerimientos en lenguaje natural
wer202603,2026,9,Juan Ignacio Glassman,Juan Ignacio Glassman,Guías para mejorar la calidad de especificaciones de requerimientos en lenguaje natural
wer202603,2026,10,Martina Hübler,Martina Hübler,Guías para mejorar la calidad de especificaciones de requerimientos en lenguaje natural
wer202603,2026,11,Mauricio Rodríguez Ricon,Mauricio Rodríguez Ricon,Guías para mejorar la calidad de especificaciones de requerimientos en lenguaje natural
wer202603,2026,12,Sebastián Diaz,Sebastián Diaz,Guías para mejorar la calidad de especificaciones de requerimientos en lenguaje natural
wer202603,2026,13,Sofía Celano,Sofía Celano,Guías para mejorar la calidad de especificaciones de requerimientos en lenguaje natural
wer202603,2026,14,Carlos Nusch,Carlos Nusch,Guías para mejorar la calidad de especificaciones de requerimientos en lenguaje natural
wer202603,2026,15,Gabriela Perez,Gabriela Perez,Guías para mejorar la calidad de especificaciones de requerimientos en lenguaje natural
wer202603,2026,16,Leandro Antonelli,Leandro Antonelli,Guías para mejorar la calidad de especificaciones de requerimientos en lenguaje natural
wer202604,2026,1,Gabriela Perez,Gabriela Perez,Detección Temprana de Escenarios Duplicados en Español mediante Enriquecimiento Semántico basado en LEL
wer202604,2026,2,Catalina Mostaccio,Catalina Mostaccio,Detección Temprana de Escenarios Duplicados en Español mediante Enriquecimiento Semántico basado en LEL
wer202604,2026,3,Leandro Antonelli,Leandro Antonelli,Detección Temprana de Escenarios Duplicados en Español mediante Enriquecimiento Semántico basado en LEL
wer202605,2026,1,Juan Ignacio Torres,Juan Ignacio Torres,Ambiguity in Requirements Engineering: A Systematic Mapping of AI-Based Approaches
wer202605,2026,2,Leandro Antonelli,Leandro Antonelli,Ambiguity in Requirements Engineering: A Systematic Mapping of AI-Based Approaches
wer202605,2026,3,Pablo Thomas,Pablo Thomas,Ambiguity in Requirements Engineering: A Systematic Mapping of AI-Based Approaches
wer202606,2026,1,Claudia Marcos,Claudia Marcos,Evaluating Generative Artificial Intelligence for Teaching User Stories
wer202606,2026,2,Guillermo Rodríguez,Guillermo Rodriguez,Evaluating Generative Artificial Intelligence for Teaching User Stories
wer202606,2026,3,Delfina Villarreal Garrido,Delfina Villarreal Garrido,Evaluating Generative Artificial Intelligence for Teaching User Stories
wer202607,2026,1,Lívia Mancine,Lívia Mancine,Toward a Framework for Explainability in Intelligent Systems: Preliminary Results
wer202607,2026,2,Renata Braga,Renata Braga,Toward a Framework for Explainability in Intelligent Systems: Preliminary Results
wer202607,2026,3,Renato Bulcão-Neto,Renato F. Bulcão-Neto,Toward a Framework for Explainability in Intelligent Systems: Preliminary Results
wer202608,2026,1,Andressa Girotto Vargas,Andressa Girotto Vargas,A Requirements Engineering Perspective on Explainability Privacy Trade-offs in Decision Support Systems
wer202608,2026,2,Edna Dias Canedo,Edna Dias Canedo,A Requirements Engineering Perspective on Explainability Privacy Trade-offs in Decision Support Systems
wer202609,2026,1,Sonia Santana,Sonia Santana,Evaluación empírica del proceso ValReCo con propuesta de mejoras asistida por IA
wer202609,2026,2,Leandro Antonelli,Leandro Antonelli,Evaluación empírica del proceso ValReCo con propuesta de mejoras asistida por IA
wer202609,2026,3,Pablo Thomas,Pablo Thomas,Evaluación empírica del proceso ValReCo con propuesta de mejoras asistida por IA
wer202609,2026,4,Alejandro Fernandez,Alejandro Fernandez,Evaluación empírica del proceso ValReCo con propuesta de mejoras asistida por IA
wer202610,2026,1,Rafael Lima,Rafael Lima,Uso de Abordagens da Engenharia de Requisitos Orientada a Objetivos na Indústria: Uma Revisão Sistemática da Literatura
wer202610,2026,2,Victor Santander,Victor Francisco Araya Santander,Uso de Abordagens da Engenharia de Requisitos Orientada a Objetivos na Indústria: Uma Revisão Sistemática da Literatura
wer202611,2026,1,João Lucas Vasconcelos,João Lucas Vasconcelos,A Fuzzing-Based Framework for Automated Ethical Risk Detection in Large Language Models
wer202611,2026,2,Edna Dias Canedo,Edna Dias Canedo,A Fuzzing-Based Framework for Automated Ethical Risk Detection in Large Language Models
wer202612,2026,1,Samuel Anjos Neto,Samuel Anjos Neto,Defining Requirements for Perishable Goods Management Systems (SAFE_GOOD)
wer202612,2026,2,Jaelson Castro,Jaelson Castro,Defining Requirements for Perishable Goods Management Systems (SAFE_GOOD)
wer202612,2026,3,Maria Lencastre,Maria Lencastre,Defining Requirements for Perishable Goods Management Systems (SAFE_GOOD)
wer202612,2026,4,Over Causil,Over Causil,Defining Requirements for Perishable Goods Management Systems (SAFE_GOOD)
wer202613,2026,1,Larissa Pinheiro,Larissa Pinheiro,Requirements People Debt: Conceptualizing Human Factors in Requirements Engineering Debt
wer202613,2026,2,Sávio Freire,Sávio Freire,Requirements People Debt: Conceptualizing Human Factors in Requirements Engineering Debt
wer202613,2026,3,Rita Suzana Pitangueira Maciel,Rita Suzana Pitangueira Maciel,Requirements People Debt: Conceptualizing Human Factors in Requirements Engineering Debt
wer202614,2026,1,Claudio Henrique Medaber Jambo,Claudio Henrique Medaber Jambo,Goal-Oriented Requirements Engineering: An Updated Systematic Mapping Study (2021–2025)
wer202614,2026,2,Flavio Henrique Mendonca,Flavio Henrique Mendonca,Goal-Oriented Requirements Engineering: An Updated Systematic Mapping Study (2021–2025)
wer202614,2026,3,Paulo Roberto Silva dos Reis,Paulo Roberto Silva dos Reis,Goal-Oriented Requirements Engineering: An Updated Systematic Mapping Study (2021–2025)
wer202614,2026,4,Tassio Ferenzini Martins Sirqueira,Tassio Ferenzini Martins Sirqueira,Goal-Oriented Requirements Engineering: An Updated Systematic Mapping Study (2021–2025)
wer202614,2026,5,Vera Maria Werneck,Vera Maria Benjamim Werneck,Goal-Oriented Requirements Engineering: An Updated Systematic Mapping Study (2021–2025)
wer202615,2026,1,Gabriela Perez,Gabriela Perez,Un Enfoque Híbrido LLM + OCL para la Detección de Inconsistencias en Escenarios
wer202615,2026,2,Catalina Mostaccio,Catalina Mostaccio,Un Enfoque Híbrido LLM + OCL para la Detección de Inconsistencias en Escenarios
wer202615,2026,3,Leandro Antonelli,Leandro Antonelli,Un Enfoque Híbrido LLM + OCL para la Detección de Inconsistencias en Escenarios
wer202616,2026,1,Fabio Levy Siqueira,Fábio Levy Siqueira,Use of LLMs in Requirements Engineering: An Exploratory Study in Industry
wer202616,2026,2,Caio Moussa Assumpção,Caio Moussa Assumpção,Use of LLMs in Requirements Engineering: An Exploratory Study in Industry
wer202616,2026,3,João Marcos de Mattos Barguil,João Marcos de Mattos Barguil,Use of LLMs in Requirements Engineering: An Exploratory Study in Industry
wer202616,2026,4,Julio Cesar Sampaio do Prado Leite,Julio Cesar Sampaio do Prado Leite,Use of LLMs in Requirements Engineering: An Exploratory Study in Industry
wer202617,2026,1,Eduardo Almentero,Eduardo Kinder Almentero,Translating EU AI Act Transparency Requirements into Software Engineering Specifications
wer202617,2026,2,Henrique de Sá Sousa,Henrique Prado de Sá Sousa,Translating EU AI Act Transparency Requirements into Software Engineering Specifications
wer202617,2026,3,Roxana Portugal,Roxana Portugal,Translating EU AI Act Transparency Requirements into Software Engineering Specifications
wer202617,2026,4,Tadeu Classe,Tadeu Classe,Translating EU AI Act Transparency Requirements into Software Engineering Specifications
wer202617,2026,5,Marcos Kalinowski,Marcos Kalinowski,Translating EU AI Act Transparency Requirements into Software Engineering Specifications
wer202618,2026,1,Álvaro Soares dos Santos,Álvaro Soares dos Santos,Avaliação do Impacto da Engenharia de Prompt na Elicitação e Documentação de Requisitos com LLMs
wer202618,2026,2,Lyrene Fernandes da Silva,Lyrene Fernandes da Silva,Avaliação do Impacto da Engenharia de Prompt na Elicitação e Documentação de Requisitos com LLMs
wer202619,2026,1,Kauan Campos,Kauan Campos,Utilizando a Engenharia de Software Experimental para avaliar a implementação das Regras de Garantia de Consistência na ferramenta JGOOSE
wer202619,2026,2,Rafael Lima,Rafael Lima,Utilizando a Engenharia de Software Experimental para avaliar a implementação das Regras de Garantia de Consistência na ferramenta JGOOSE
wer202619,2026,3,Victor Santander,Victor Francisco Araya Santander,Utilizando a Engenharia de Software Experimental para avaliar a implementação das Regras de Garantia de Consistência na ferramenta JGOOSE
wer202620,2026,1,Geraldo Gabriel Crelier dos Santos,Geraldo Gabriel Crelier dos Santos,Extensões BPMN para Conformidade com a LGPD e GDPR: Um Panorama do Estado da Arte
wer202620,2026,2,Henrique Prado de Sá Sousa,Henrique Prado de Sá Sousa,Extensões BPMN para Conformidade com a LGPD e GDPR: Um Panorama do Estado da Arte
wer202620,2026,3,Eduardo Kinder Almentero,Eduardo Kinder Almentero,Extensões BPMN para Conformidade com a LGPD e GDPR: Um Panorama do Estado da Arte
wer202620,2026,4,Tadeu Classe,Tadeu Classe,Extensões BPMN para Conformidade com a LGPD e GDPR: Um Panorama do Estado da Arte
wer202621,2026,1,Valeria Ortiz Quiroz,Valeria Ortiz Quiroz,Del Aula a la Práctica Profesional Temprana
wer202621,2026,2,Mercedes Soria,Mercedes Soria,Del Aula a la Práctica Profesional Temprana
wer202621,2026,3,Laura Tosselli,Laura Tosselli,Del Aula a la Práctica Profesional Temprana
wer202621,2026,4,María Laura Achetta,María Laura Achetta,Del Aula a la Práctica Profesional Temprana
wer202622,2026,1,Luísa Caetano Correia,Luísa Caetano Correia,Modelagem Conceitual do Aprendizado Autodidata no Ambiente Online Orientado por Competências
wer202622,2026,2,Henrique Prado de Sá Sousa,Henrique Prado de Sá Sousa,Modelagem Conceitual do Aprendizado Autodidata no Ambiente Online Orientado por Competências
wer202622,2026,3,Paulo Sérgio Medeiros,Paulo Sérgio Medeiros,Modelagem Conceitual do Aprendizado Autodidata no Ambiente Online Orientado por Competências
wer202622,2026,4,Jobson Luiz Massollar da Silva,Jobson Luiz Massollar da Silva,Modelagem Conceitual do Aprendizado Autodidata no Ambiente Online Orientado por Competências
wer202622,2026,5,Edgar Sarmiento Calisaya,Edgar Sarmiento Calisaya,Modelagem Conceitual do Aprendizado Autodidata no Ambiente Online Orientado por Competências
wer202623,2026,1,Andrea Alegretti,Andrea Alegretti,Hacia un método para definir escenarios a partir de User Story Mapping
wer202623,2026,2,Leandro Antonelli,Leandro Antonelli,Hacia un método para definir escenarios a partir de User Story Mapping
wer202623,2026,3,Marisa Panizzi,Marisa Panizzi,Hacia un método para definir escenarios a partir de User Story Mapping
wer202624,2026,1,Lívia Mancine,Lívia Mancine,Explainability Requirements Engineering in AI-enabled Systems
wer202624,2026,2,Renata Braga,Renata Braga,Explainability Requirements Engineering in AI-enabled Systems
wer202624,2026,3,Renato Bulcão-Neto,Renato F. Bulcão-Neto,Explainability Requirements Engineering in AI-enabled Systems
wer202625,2026,1,Maria Augusta Nascimento de Moura,Maria Augusta Nascimento de Moura,Uma Abordagem para Elicitação de Requisitos em Ambientes Ágeis baseada na Integração entre Design Thinking e Engenharia de Requisitos
wer202625,2026,2,Fernanda Maria Ribeiro de Alencar,Fernanda Alencar,Uma Abordagem para Elicitação de Requisitos em Ambientes Ágeis baseada na Integração entre Design Thinking e Engenharia de Requisitos
wer202626,2026,1,Alberto Sebastian,Alberto Sebastián,Proceso Visual de Conceptualización del Universo de Discurso
wer202626,2026,2,Graciela Dora Susana Hadad,Graciela D.S. Hadad,Proceso Visual de Conceptualización del Universo de Discurso
wer202626,2026,3,Leandro Antonelli,Leandro Antonelli,Proceso Visual de Conceptualización del Universo de Discurso
wer202627,2026,1,Flávio Henrique Mendonça,Flavio Henrique Mendonca,Métricas de Processo Observáveis em Repositórios Públicos: Um Catálogo Fundamentado na Literatura Scrum
wer202627,2026,2,Tassio Ferenzini Martins Sirqueira,Tassio Ferenzini Martins Sirqueira,Métricas de Processo Observáveis em Repositórios Públicos: Um Catálogo Fundamentado na Literatura Scrum
wer202627,2026,3,Vera Maria Werneck,Vera Maria Benjamim Werneck,Métricas de Processo Observáveis em Repositórios Públicos: Um Catálogo Fundamentado na Literatura Scrum
wer202628,2026,1,Anna Beatriz Marques,Anna Beatriz Marques,Using ChatGPT to Support Accessibility Requirements Specification: Experience from a Public Sector Platform
wer202628,2026,2,Rhenara Oliveira,Rhenara Oliveira,Using ChatGPT to Support Accessibility Requirements Specification: Experience from a Public Sector Platform
wer202628,2026,3,Ramon Luna,Ramon Luna,Using ChatGPT to Support Accessibility Requirements Specification: Experience from a Public Sector Platform
wer202628,2026,4,Amanda Sousa,Amanda Sousa,Using ChatGPT to Support Accessibility Requirements Specification: Experience from a Public Sector Platform
wer202628,2026,5,José Antônio Macêdo,José Antônio Macêdo,Using ChatGPT to Support Accessibility Requirements Specification: Experience from a Public Sector Platform
wer202628,2026,6,Rossana Andrade,Rossana Andrade,Using ChatGPT to Support Accessibility Requirements Specification: Experience from a Public Sector Platform
wer202629,2026,1,Roxana Portugal,Roxana Portugal,From Workshop Transcripts to Requirements Models - A Heuristic and RAG-Based Approach for Reusing Elicitation Data
wer202629,2026,2,Julio C. S. P. Leite,Julio Cesar Sampaio do Prado Leite,From Workshop Transcripts to Requirements Models - A Heuristic and RAG-Based Approach for Reusing Elicitation Data
wer202629,2026,3,Lyrene F. Silva,Lyrene Fernandes da Silva,From Workshop Transcripts to Requirements Models - A Heuristic and RAG-Based Approach for Reusing Elicitation Data
wer202629,2026,4,Edgar Sarmiento,Edgar Sarmiento Calisaya,From Workshop Transcripts to Requirements Models - A Heuristic and RAG-Based Approach for Reusing Elicitation Data
wer202630,2026,1,Gabriela Perez,Gabriela Perez,Construcción Incremental de LEL en Español Asistida por LLM con Trazabilidad e Integración Semántica
wer202630,2026,2,Joaquina Nogueira,Joaquina Nogueira,Construcción Incremental de LEL en Español Asistida por LLM con Trazabilidad e Integración Semántica
wer202630,2026,3,German Ruiz,German Ruiz,Construcción Incremental de LEL en Español Asistida por LLM con Trazabilidad e Integración Semántica
wer202630,2026,4,Leandro Antonelli,Leandro Antonelli,Construcción Incremental de LEL en Español Asistida por LLM con Trazabilidad e Integración Semántica
